,0
0,contribute
1,seek
2,governments
3,combat
4,exposure
5,morning
6,misleading
7,freshness
8,values
9,brazenly
10,contradict
11,crisp
12,generator
13,dates
14,digit
15,properly
16,fits
17,october
18,peso
19,eqt
20,disallowed
21,exploring
22,seriously
23,nktr-358
24,zone
25,degree
26,rewarded
27,success
28,mask
29,minus
30,david
31,bother
32,quicker
33,keep
34,princess
35,rarely
36,unpaid
37,continuously
38,records
39,hub
40,propositions
41,beautiful
42,discontinued
43,sector
44,businesses
45,hotel
46,authorized
47,moment
48,reasons
49,difference
50,laboratories
51,various
52,december
53,referendum
54,excess
55,breaks
56,buyback
57,generics
58,rightly
59,introduction
60,wreak
61,7.6
62,monetize
63,resources
64,synopsys
65,8.2
66,ultimately
67,outflows
68,deleveraging
69,6.1
70,voice
71,naples
72,serving
73,colorado
74,automatic
75,appetite
76,beginning
77,legally
78,negotiations
79,valuation
80,objectives
81,guys
82,follow
83,diagnosed
84,begin
85,secondly
86,850
87,translation
88,collapse
89,wanting
90,surge
91,person
92,offsets
93,functions
94,counsel
95,revive
96,reticent
97,guidance
98,world
99,mid-single-digit
100,require
101,available
102,promotions
103,encourage
104,backlog
105,confidently
106,make
107,length
108,innocent
109,impetus
110,customer
111,stand-alone
112,3.1
113,800
114,threat
115,cleanse
116,hopefully
117,fiercely
118,ford
119,code
120,indifference
121,proliferation
122,unfairly
123,scare
124,calling
125,number
126,approaching
127,equality
128,moskow
129,popularity
130,turning
131,intensively
132,aided
133,impressions
134,diaper
135,matthew
136,abraxane
137,single-digits
138,obligations
139,added
140,bid
141,attach
142,independence
143,maybe
144,capitalizing
145,busy
146,imagine
147,capitalized
148,losses
149,cancer
150,illinois
151,finding
152,slower
153,consternation
154,thankful
155,demographics
156,factoring
157,bridge
158,lawmakers
159,four
160,breakeven
161,lift
162,experience
163,mess
164,refined
165,accounted
166,originally
167,stages
168,excellence
169,schemes
170,fulfill
171,touch
172,route
173,ids
174,secure
175,sets
176,fake
177,worry
178,reduce
179,multiyear
180,virgin
181,fantasy
182,establishing
183,underutilized
184,layoffs
185,heavier
186,cherish
187,disclosed
188,accidents
189,reflected
190,first
191,estée
192,july
193,4.7
194,4.8
195,coach
196,vigorous
197,trap
198,specific
199,one-time
200,capturing
201,mentioned
202,wholesome
203,investigated
204,triplets
205,exacerbated
206,sneakers
207,megawatts
208,mere
209,upper
210,fertile
211,demands
212,therell
213,runs
214,opposed
215,declines
216,exceeding
217,automated
218,8.6
219,midstream
220,products
221,works
222,overnight
223,die
224,known
225,savory
226,industry-leading
227,plenty
228,two-year
229,ensure
230,clustered
231,definitely
232,formidable
233,stressed
234,therapeutic
235,guidelines
236,suck
237,garden
238,unit
239,marvelous
240,manufacturing
241,wrong
242,averaging
243,outdated
244,frito-lay
245,ben
246,memorable
247,count
248,yesterday
249,bridion
250,accretion
251,endpoint
252,acres
253,restricted
254,diseases
255,decrease
256,stronger
257,harm
258,predominantly
259,cooperate
260,cubic
261,divestiture
262,developer
263,tests
264,silver
265,picture
266,november
267,whether
268,tim
269,productivity
270,costco
271,sooner
272,internally
273,lasers
274,talented
275,reward
276,expressed
277,understand
278,called
279,sealed
280,direct
281,sophisticated
282,bar
283,defending
284,magnetic
285,emotionally
286,unidentified
287,intelligent
288,legitimately
289,ideal
290,pickup
291,dockets
292,anthem
293,foods
294,interaction
295,harsh
296,makeup
297,feed
298,reflects
299,noticeable
300,quarter
301,gotten
302,160
303,lots
304,radical
305,strengthened
306,tragedy
307,havoc
308,empty
309,brian
310,ddos
311,capitalize
312,downtime
313,directed
314,dollar
315,five
316,issues
317,roic
318,rent
319,proposed
320,optimized
321,kudos
322,density
323,immediately
324,immense
325,unfamiliar
326,lifestyle
327,0.09
328,analytics
329,enforce
330,sometime
331,enemy
332,craig
333,surely
334,rich
335,charge
336,focusing
337,adjourn
338,constrained
339,emea
340,save
341,hazardous
342,350
343,irrevocably
344,contains
345,rank
346,living
347,fat
348,starting
349,diversity
350,behavior
351,landfill
352,bullish
353,start
354,access
355,i-o
356,check
357,seagate
358,architecture
359,materials
360,addition
361,professionals
362,regain
363,richness
364,smartphones
365,desperation
366,uncontrollable
367,outdoor
368,waf
369,handle
370,severely
371,attentively
372,prescriptions
373,139
374,softness
375,toy
376,permitting
377,two-thirds
378,delisted
379,argued
380,recognizable
381,startup
382,contact
383,exchange
384,interruption
385,meantime
386,discuss
387,tyson
388,underwritten
389,row
390,working
391,like
392,universally
393,established
394,pipe
395,balance
396,noncontract
397,releases
398,josh
399,mix
400,back
401,0.05
402,looks
403,cadillac
404,dangers
405,concentrated
406,elements
407,tried
408,underlying
409,cautioning
410,trajectory
411,boring
412,edwards
413,opening
414,demonstrate
415,non-gaap
416,mild
417,pass-through
418,valued
419,unhedged
420,fear
421,advantaged
422,appendix
423,letter
424,seasonal
425,denials
426,although
427,metal
428,sourcing
429,scrap
430,noting
431,outlined
432,multi-dimensional
433,year-to-date
434,greatest
435,millennial
436,shopping
437,marietta
438,fancy
439,differing
440,implies
441,notes
442,deeper
443,admission
444,underperform
445,duress
446,streamline
447,nervousness
448,prediction
449,acquiring
450,positioning
451,amazon
452,desperately
453,combinations
454,adverse
455,pertinent
456,themes
457,unusually
458,therefore
459,fort
460,cobrand
461,powers
462,principal
463,meat
464,ups
465,average
466,dosing
467,tier
468,score
469,chicken
470,honoring
471,predictive
472,somewhat
473,choosing
474,postpone
475,decades
476,introducing
477,speaks
478,stuck
479,seemingly
480,severance
481,tonnes
482,holding
483,complaints
484,irony
485,arrangement
486,models
487,clinic
488,broadband
489,semi-custom
490,younger
491,imminent
492,compares
493,mercy
494,advantages
495,attributable
496,weak
497,log
498,guilt
499,permits
500,end-to-end
501,kong
502,everyday
503,eastern
504,plays
505,merger
506,deficits
507,patrick
508,larry
509,healthier
510,deliberate
511,fibers
512,laborious
513,progresses
514,translated
515,largely
516,linkedin
517,pain
518,method
519,fluctuating
520,without
521,hinges
522,alex
523,idea
524,uptick
525,empowers
526,heretofore
527,impression
528,spread
529,region
530,forego
531,treatment
532,complicate
533,repatriation
534,definitive
535,brightly
536,piece
537,stays
538,occasions
539,artfully
540,interference
541,linked
542,dispositions
543,detrimental
544,renewables
545,revitalize
546,7.9
547,manageable
548,contracts
549,given
550,wasted
551,small
552,native
553,contractual
554,hard-pressed
555,transactions
556,burned
557,bell
558,fan
559,openings
560,bottom-line
561,curtail
562,educational
563,500
564,predictable
565,execute
566,unlicensed
567,grievous
568,easing
569,associates
570,responsibly
571,anomalous
572,heartening
573,creation
574,sugar
575,alleviate
576,precautions
577,strategies
578,emulation
579,2.8
580,ample
581,petsense
582,relate
583,compatible
584,holdings
585,server
586,evident
587,programming
588,market
589,strategy
590,harvest
591,significantly
592,far
593,normally
594,heavy
595,southeast
596,concern
597,amongst
598,processors
599,refer
600,abandonment
601,isolated
602,competitive
603,standout
604,multi-faceted
605,eminently
606,bringing
607,reasonably
608,fund
609,utmost
610,excite
611,military
612,older
613,energy
614,firewall
615,shut
616,retirement
617,lisa
618,grown
619,1.4
620,memory
621,synergies
622,attorney
623,empowered
624,cross-platform
625,closeout
626,remote
627,mechanisms
628,venmo
629,three-year
630,threatening
631,nature
632,done
633,continuing
634,hotels
635,long-term
636,energize
637,refinancing
638,pound
639,epic
640,partners
641,party
642,jerry
643,time
644,concede
645,ideas
646,unsustainable
647,questions
648,correctly
649,recovering
650,paying
651,suspected
652,nonperforming
653,poor
654,carryover
655,opdivo
656,background
657,comp
658,boost
659,capita
660,prolific
661,management
662,aml
663,realistically
664,ecstatic
665,downstream
666,unrelenting
667,scripts
668,pressured
669,paccar
670,business
671,lean
672,appreciation
673,exactly
674,front
675,conflicts
676,holiday
677,consequence
678,marvel
679,sporadically
680,scientifically
681,capabilities
682,greatness
683,anywhere
684,workplace
685,relative
686,fall
687,gains
688,bolthouse
689,torque
690,"200,000"
691,comply
692,exclusively
693,dan
694,expand
695,reducing
696,continually
697,marine
698,concludes
699,assistance
700,james
701,arena
702,financing
703,excited
704,often
705,grainger
706,3.2
707,comparable
708,preferred
709,consolidation
710,affecting
711,spectrum
712,traffic
713,crossover
714,combined
715,peaceful
716,increased
717,devin
718,thought
719,industrys
720,substantial
721,anticipated
722,resolution
723,cells
724,recap
725,hope
726,0.15
727,best-in-class
728,economy
729,became
730,cool
731,generating
732,bet
733,anomalies
734,enthusiastically
735,sag
736,120
737,towards
738,dissatisfied
739,honestly
740,directionally
741,rainfall
742,subscribers
743,awards
744,annoyed
745,rodney
746,fans
747,utilizing
748,officer
749,observed
750,cancellation
751,silly
752,george
753,hcv
754,signed
755,ebit
756,partnering
757,post
758,linearity
759,wrongdoing
760,eliminating
761,selection
762,projecting
763,listings
764,send
765,parallel
766,honor
767,thoroughly
768,approve
769,non-core
770,equal
771,microsoft
772,medicare
773,honored
774,vulnerabilities
775,leads
776,invasive
777,defer
778,establish
779,penetrate
780,ametek
781,paint
782,skills
783,1.6
784,closed
785,inquisitive
786,baby
787,assumptions
788,fresh
789,gmv
790,ceb
791,spreads
792,skin
793,hidden
794,confidence
795,julien
796,currency-neutral
797,capital
798,committed
799,attained
800,tenure
801,shelf
802,overdue
803,chairman
804,hospitable
805,fabulous
806,smarter
807,fun
808,unknown
809,warm
810,employer
811,signs
812,believing
813,outlook
814,joined
815,safely
816,sluggish
817,created
818,depth
819,portable
820,lousy
821,returning
822,plans
823,purpose
824,forma
825,staff
826,failed
827,third
828,franchise
829,distorted
830,pockets
831,ever
832,immensely
833,possibilities
834,cycle
835,somebody
836,leverage
837,mgm
838,inch
839,after-tax
840,guest
841,ontap
842,enables
843,mature
844,dynamics
845,smoothly
846,kentucky
847,pursue
848,rental
849,well-developed
850,variety
851,portion
852,revolution
853,qualified
854,horrible
855,efficiencies
856,recover
857,viable
858,9.1
859,spent
860,tam
861,repeat
862,toughness
863,effort
864,restructuring
865,absolute
866,fluctuations
867,costly
868,almost
869,achievement
870,simpler
871,lesser
872,dismissed
873,however
874,consider
875,incident
876,ended
877,dominion
878,depreciate
879,trust
880,cfo
881,center
882,pre-tax
883,urban
884,stimulate
885,jonathan
886,tightly
887,diverse
888,display
889,suspend
890,unlock
891,pointed
892,refreshing
893,awarded
894,noi
895,resurgence
896,destruction
897,quantity
898,abate
899,proportion
900,pulp
901,includes
902,strides
903,short-term
904,true
905,macroeconomic
906,indexes
907,workforce
908,comparables
909,broader
910,immuno-oncology
911,sharp
912,expanded
913,com
914,forces
915,sitting
916,benchmark
917,unclear
918,impediments
919,accelerating
920,darn
921,valuable
922,persist
923,ironically
924,update
925,discouraging
926,funded
927,readily
928,2010
929,false
930,desirable
931,raw
932,airplanes
933,innovating
934,damage
935,innovator
936,park
937,pollution
938,pacific
939,click
940,constructive
941,try
942,ppa
943,robert
944,factored
945,affect
946,imbalance
947,repossessed
948,impasse
949,reinforces
950,fruition
951,percentages
952,adjudication
953,involve
954,resonating
955,overwhelming
956,monster
957,performance-oriented
958,usage
959,loyal
960,argue
961,strategic
962,expansion
963,commendable
964,twice
965,organizations
966,latest
967,spell
968,path
969,fate
970,late
971,ficc
972,contributor
973,eps
974,catastrophes
975,risk
976,excitement
977,additions
978,aside
979,factor
980,led
981,challenge
982,stressful
983,organizational
984,backlogs
985,volumes
986,refractory
987,dimension
988,endorse
989,configuration
990,indolent
991,pivotal
992,allocation
993,obtainable
994,strain
995,video
996,checkout
997,epc
998,growth
999,advantageous
1000,allowance
1001,xerox
1002,structural
1003,write-off
1004,imposed
1005,makers
1006,overly
1007,tragedies
1008,discretionary
1009,13.6
1010,defends
1011,efficacy
1012,favorability
1013,1.25
1014,nuclear
1015,burden
1016,refining
1017,comprehensive
1018,180
1019,jon
1020,folding
1021,south
1022,shop
1023,carrier
1024,survival
1025,protests
1026,recalling
1027,protection
1028,selling
1029,gpu
1030,next
1031,coordination
1032,shutting
1033,henry
1034,tell
1035,mind
1036,interim
1037,presumptively
1038,step
1039,slack
1040,trailing
1041,aviation
1042,cancel
1043,feel
1044,appealing
1045,dirty
1046,flourish
1047,chronic
1048,sales
1049,player
1050,deflationary
1051,jamie
1052,specifically
1053,thus
1054,variability
1055,initiatives
1056,also
1057,filtering
1058,site
1059,critique
1060,incomplete
1061,cancelled
1062,rebalancing
1063,responding
1064,committing
1065,efficient
1066,day
1067,slow
1068,driver
1069,asking
1070,anticipating
1071,steadily
1072,suspicion
1073,availability
1074,deployed
1075,recognized
1076,stayed
1077,marc
1078,year-on-year
1079,slide
1080,cellulose
1081,favorable
1082,absent
1083,aid
1084,recoveries
1085,odd
1086,u.s
1087,law
1088,amerisourcebergen
1089,differed
1090,favorite
1091,deal
1092,rail
1093,foundations
1094,mitigate
1095,oncology
1096,deposit
1097,flush
1098,implement
1099,adjust
1100,game
1101,talked
1102,real-world
1103,consent
1104,handy
1105,bunch
1106,offline
1107,neck
1108,slowing
1109,choice
1110,tick
1111,message
1112,rice
1113,work
1114,proposals
1115,gross
1116,colo
1117,folks
1118,enhances
1119,version
1120,projection
1121,and/or
1122,0.1
1123,selectively
1124,net-net
1125,gap
1126,historical
1127,refranchising
1128,dilution
1129,remarkable
1130,upside
1131,anticipation
1132,losing
1133,thereon
1134,kick
1135,hitting
1136,egypt
1137,budgets
1138,realization
1139,void
1140,reaction
1141,spam
1142,replacement
1143,well-defined
1144,planet
1145,telco
1146,protected
1147,bold
1148,extent
1149,vehicle
1150,automation
1151,premier
1152,profitability
1153,color
1154,applied
1155,dose
1156,steps
1157,bipartisan
1158,keeps
1159,revenues
1160,obsolete
1161,cross
1162,worth
1163,steady
1164,displacements
1165,denied
1166,mike
1167,dive
1168,input
1169,korea
1170,reputable
1171,merchandise
1172,actual
1173,abc
1174,status
1175,valuations
1176,constancy
1177,fundamental
1178,experienced
1179,continental
1180,disclaimers
1181,exploration
1182,silent
1183,transient
1184,record
1185,factual
1186,appropriately
1187,sacrificing
1188,restore
1189,russia
1190,ashamed
1191,hedged
1192,hey
1193,midland
1194,developments
1195,charitable
1196,7.8
1197,everywhere
1198,molecular
1199,driving
1200,seriousness
1201,animal
1202,award
1203,paas
1204,branded
1205,run-rate
1206,easily
1207,bolstering
1208,sequentially
1209,combustion
1210,mark-to-market
1211,investigating
1212,purposefully
1213,annuity
1214,marketing
1215,runways
1216,equates
1217,settlement
1218,improve
1219,online
1220,usa
1221,claims
1222,discussed
1223,constantly
1224,subcom
1225,telematics
1226,deposits
1227,understated
1228,stiff
1229,advertisers
1230,important
1231,performing
1232,agency
1233,breakup
1234,around
1235,streamlining
1236,cadence
1237,appeal
1238,relationship
1239,type
1240,index
1241,synthesis
1242,classic
1243,currency
1244,ventures
1245,satya
1246,plus
1247,exact
1248,nurture
1249,answer
1250,consumption
1251,device
1252,rate
1253,unforeseen
1254,advisory
1255,acquired
1256,fact
1257,spinoff
1258,shares
1259,intimacy
1260,switch
1261,seem
1262,lastly
1263,look
1264,sporting
1265,rebounding
1266,cutting
1267,partnered
1268,apnea
1269,tyco
1270,corrected
1271,opens
1272,manage
1273,progressively
1274,lte
1275,borrowing
1276,ensuring
1277,help
1278,independent
1279,impair
1280,packages
1281,obligation
1282,fight
1283,suite
1284,promote
1285,maintaining
1286,julian
1287,sic
1288,designed
1289,competing
1290,copper
1291,otherwise
1292,meaning
1293,fuel
1294,flash
1295,decide
1296,maintained
1297,prepaid
1298,momentum
1299,amendment
1300,chemotherapy
1301,relief
1302,achieve
1303,importance
1304,comments
1305,engagement
1306,emg
1307,grow
1308,neutral
1309,assuring
1310,vital
1311,striking
1312,willingness
1313,killer
1314,distracted
1315,human
1316,marsh
1317,optimize
1318,april
1319,cost-effective
1320,influenced
1321,provides
1322,outpace
1323,awful
1324,thing
1325,fabulously
1326,caused
1327,commodity
1328,restoration
1329,buildings
1330,cover
1331,prohibition
1332,confronted
1333,stability
1334,handling
1335,occasionally
1336,prominent
1337,enhance
1338,lng
1339,kilowatt
1340,5.7
1341,imbruvica
1342,awareness
1343,highlights
1344,repetitive
1345,supreme
1346,favorably
1347,means
1348,chance
1349,professional
1350,education
1351,doubt
1352,constrains
1353,valley
1354,cease
1355,say
1356,collect
1357,guy
1358,purely
1359,thrilled
1360,2020
1361,affirmation
1362,ccar
1363,delta
1364,litigation
1365,fourth
1366,food
1367,data
1368,excels
1369,structured
1370,generations
1371,raised
1372,dispose
1373,london
1374,mechanism
1375,react
1376,exiting
1377,services
1378,client
1379,7.7
1380,midwest
1381,outcome
1382,friendly
1383,neil
1384,addressing
1385,reminder
1386,barriers
1387,rescind
1388,dig
1389,averaged
1390,additionally
1391,effectiveness
1392,formal
1393,delinquencies
1394,refreshed
1395,across
1396,campaign
1397,penetration
1398,outline
1399,enormously
1400,trucks
1401,dream
1402,would
1403,distracting
1404,dark
1405,upcoming
1406,dealing
1407,name
1408,overstatement
1409,believed
1410,mps
1411,iaas
1412,flight
1413,capability
1414,las
1415,inside
1416,stimulating
1417,lag
1418,mitchell
1419,clients
1420,accelerate
1421,2014
1422,wherein
1423,deploy
1424,unfunded
1425,jewelry
1426,overage
1427,sour
1428,12-month
1429,battery
1430,presume
1431,legal
1432,drilling
1433,cagr
1434,dividend
1435,action
1436,flattish
1437,revolutionizing
1438,abuse
1439,seven
1440,precedent
1441,white
1442,6.3
1443,play
1444,locker
1445,service
1446,stockholders
1447,obstacles
1448,entities
1449,function
1450,making
1451,compensation
1452,settlements
1453,major
1454,execution
1455,bottleneck
1456,fortify
1457,began
1458,clarifications
1459,drop
1460,dozen
1461,effectively
1462,passenger
1463,analyze
1464,motivate
1465,charlotte
1466,mid
1467,beast
1468,regularly
1469,continuation
1470,else
1471,win
1472,anxiety
1473,accretive
1474,7.4
1475,single-digit
1476,lrip
1477,innovation
1478,one-on-one
1479,fee
1480,scrutinizing
1481,worldwide
1482,savvy
1483,divestment
1484,substantive
1485,raspy
1486,insurance
1487,solar
1488,exports
1489,headwind
1490,solves
1491,deployments
1492,desktop
1493,creating
1494,upgrades
1495,unique
1496,rata
1497,fluctuates
1498,scary
1499,dependency
1500,gracefully
1501,relatively
1502,applications
1503,sunny
1504,lapped
1505,green
1506,refrain
1507,trick
1508,reports
1509,foreign
1510,strongest
1511,ambitious
1512,happening
1513,wage
1514,normalized
1515,delighting
1516,test
1517,apac
1518,responsive
1519,risankizumab
1520,requires
1521,large
1522,pull
1523,estimate
1524,areas
1525,compromise
1526,selective
1527,narrowly
1528,annual
1529,soon
1530,profound
1531,back-end
1532,ambiguity
1533,densely
1534,omit
1535,consciously
1536,active
1537,5.3
1538,knowledgeable
1539,preclude
1540,restaurants
1541,collaborations
1542,debt
1543,home
1544,billing
1545,consistent
1546,dissatisfaction
1547,rollout
1548,dedication
1549,1.7
1550,brightree
1551,geographic
1552,line-up
1553,dedicated
1554,arpu
1555,disney
1556,rigid
1557,manufacturer
1558,procedures
1559,procurement
1560,profile
1561,550
1562,double-digits
1563,spring
1564,calendar
1565,genuine
1566,reinvest
1567,greg
1568,distinct
1569,suffering
1570,micro
1571,deflation
1572,detroit
1573,170
1574,constructively
1575,logical
1576,collaborating
1577,8.4
1578,bruce
1579,boxes
1580,virginia
1581,capture
1582,may
1583,concluded
1584,purification
1585,alimta
1586,therapies
1587,award-winning
1588,wi-fi
1589,opportunistic
1590,programmable
1591,sellers
1592,find
1593,gartner
1594,want
1595,overall
1596,prosperous
1597,press
1598,judiciously
1599,etf
1600,technical
1601,less
1602,envision
1603,broadcast
1604,synthetic
1605,inexorable
1606,dsos
1607,declining
1608,motivation
1609,eight
1610,wane
1611,mexico
1612,bail
1613,offerings
1614,genuinely
1615,craft
1616,america
1617,fast-paced
1618,economically
1619,ulta
1620,responsibility
1621,silicon
1622,anybody
1623,seasonality
1624,offshore
1625,unable
1626,enhancing
1627,changed
1628,somewhere
1629,eminent
1630,summarize
1631,annually
1632,room
1633,florida
1634,visa
1635,launching
1636,preventing
1637,recommend
1638,reflecting
1639,regionally
1640,majority
1641,plant
1642,similar
1643,sciences
1644,oil
1645,provide
1646,groundbreaking
1647,5.9
1648,streaming
1649,presentation
1650,9.2
1651,broad-based
1652,association
1653,optimistic
1654,hearty
1655,ore
1656,aligners
1657,potentially
1658,capacity
1659,ethical
1660,ignore
1661,glory
1662,institutions
1663,planning
1664,produced
1665,feeling
1666,origination
1667,short
1668,real-time
1669,versatility
1670,idle
1671,consists
1672,pet
1673,moved
1674,approved
1675,role
1676,telling
1677,generically
1678,tragic
1679,arguments
1680,uplift
1681,source
1682,stabilized
1683,175
1684,opportune
1685,lie
1686,ought
1687,mean
1688,improved
1689,andy
1690,early
1691,premiere
1692,snap-on
1693,local
1694,efficiently
1695,high-growth
1696,control
1697,approval
1698,hurricane
1699,strong
1700,big
1701,roger
1702,aspects
1703,note
1704,prolonged
1705,engaging
1706,emv
1707,respectfully
1708,indicators
1709,year-end
1710,profit
1711,enjoying
1712,allowable
1713,ran
1714,terrific
1715,term
1716,spectacle
1717,representing
1718,understandable
1719,preeminent
1720,monetization
1721,nicely
1722,comes
1723,failure
1724,repurchased
1725,industries
1726,dependent
1727,considerably
1728,unemployment
1729,sharing
1730,impacts
1731,bars
1732,opposing
1733,questioning
1734,meeting
1735,women
1736,banners
1737,assets
1738,projected
1739,underperformance
1740,honorable
1741,disruption
1742,borrowings
1743,responsively
1744,renegotiated
1745,listening
1746,courageous
1747,finishing
1748,moderating
1749,boston
1750,attributed
1751,dampen
1752,paranoid
1753,electronic
1754,near-term
1755,oversight
1756,reliable
1757,reconciliation
1758,prior-year
1759,10.2
1760,worrying
1761,all-around
1762,either
1763,sizes
1764,solace
1765,impossible
1766,contemplated
1767,self-serving
1768,quarters
1769,leaders
1770,van
1771,underperformed
1772,emerge
1773,conversions
1774,easy
1775,posted
1776,deterrent
1777,entered
1778,bring
1779,honest
1780,retained
1781,pci
1782,baseline
1783,cash
1784,supports
1785,basically
1786,exemplary
1787,noted
1788,met
1789,overshadowing
1790,ops
1791,leasing
1792,overview
1793,purposes
1794,canada
1795,clinically
1796,heartfelt
1797,fit
1798,housing
1799,dual
1800,normalize
1801,geography
1802,varied
1803,restructure
1804,malaise
1805,rod
1806,main
1807,underfunded
1808,land
1809,country
1810,conservative
1811,included
1812,acceptance
1813,entry
1814,scarcity
1815,"100,000"
1816,remedied
1817,participating
1818,weaken
1819,signing
1820,norwegian
1821,cannibalize
1822,grow-over
1823,non-interest
1824,ebit-adjusted
1825,wells
1826,occur
1827,increasingly
1828,flows
1829,malware
1830,differentiating
1831,apps
1832,baxter
1833,oem
1834,managed
1835,cheat
1836,mine
1837,connections
1838,stream
1839,minimum
1840,setting
1841,churn
1842,amend
1843,hiring
1844,reimbursement
1845,pessimism
1846,hybrids
1847,professionally
1848,payment
1849,recognize
1850,seen
1851,publicly
1852,hurting
1853,boom
1854,nacc
1855,uplifting
1856,mutant
1857,brazil
1858,debate
1859,latin
1860,sting
1861,immediate
1862,flatter
1863,develop
1864,distinctive
1865,conscious
1866,import
1867,reported
1868,wound
1869,millions
1870,rising
1871,devote
1872,breakthroughs
1873,forcefully
1874,mandatory
1875,movement
1876,blame
1877,gulf
1878,cigital
1879,powered
1880,car
1881,unmatched
1882,metals
1883,surprise
1884,schlumberger
1885,lilly
1886,215
1887,progressive
1888,current
1889,migration
1890,put
1891,llc
1892,securities
1893,receivables
1894,compound
1895,drive
1896,sides
1897,producers
1898,system
1899,minnesota
1900,aca
1901,lighter
1902,negatives
1903,remains
1904,disease
1905,vertical
1906,moreover
1907,freedom
1908,pepperidge
1909,deterioration
1910,climate
1911,disclosing
1912,groups
1913,problem
1914,closure
1915,fivepoint
1916,brittle
1917,defining
1918,mds
1919,evolution
1920,restrictions
1921,modestly
1922,outstanding
1923,wants
1924,slowdown
1925,completed
1926,efforts
1927,payers
1928,properties
1929,owned
1930,australia
1931,2016
1932,headcount
1933,threats
1934,grew
1935,fully
1936,taste
1937,0.9
1938,prevention
1939,leap
1940,m•a•c
1941,waste
1942,erratic
1943,vacation
1944,versus
1945,shy
1946,mandates
1947,thriving
1948,armour
1949,neat
1950,ones
1951,natural
1952,trump
1953,wow
1954,muscular
1955,240
1956,carbon
1957,4.3
1958,delighted
1959,accomplishing
1960,mindful
1961,supplies
1962,reaching
1963,care
1964,jennie-o
1965,file
1966,managers
1967,express
1968,upstream
1969,ebitda
1970,pipeline
1971,homes
1972,osb
1973,break
1974,cup
1975,received
1976,lightweight
1977,grocery
1978,alliance
1979,forced
1980,0.4
1981,ferc
1982,fuzzy
1983,disciplined
1984,requiring
1985,plan
1986,please
1987,intersection
1988,unsubsidized
1989,payroll
1990,already
1991,clarification
1992,especially
1993,clearly
1994,stringent
1995,higher
1996,weight
1997,proxy
1998,metric
1999,hiv
2000,logistics
2001,investors
2002,brilliant
2003,decent-sized
2004,processor
2005,turned
2006,lease
2007,collaborator
2008,organic
2009,currencies
2010,unproductive
2011,closeouts
2012,advanced
2013,lapses
2014,young
2015,"20,000"
2016,ammonia
2017,times
2018,stipulation
2019,beneficial
2020,underutilization
2021,dealerships
2022,650
2023,deteriorate
2024,superior
2025,buying
2026,blind
2027,cabinets
2028,drugs
2029,satisfaction
2030,exchanges
2031,expectations
2032,sterling
2033,rogue
2034,partly
2035,courage
2036,quick
2037,astute
2038,ramps
2039,jim
2040,emissions
2041,devices
2042,simplicity
2043,supported
2044,benefitting
2045,invalidation
2046,referring
2047,enamored
2048,flawlessly
2049,sequential
2050,isolation
2051,inevitably
2052,unrealized
2053,natively
2054,suffered
2055,tiny
2056,station
2057,brief
2058,legacy
2059,benefit
2060,reach
2061,self-employed
2062,funnel
2063,jolly
2064,787
2065,sell
2066,imports
2067,construction
2068,effects
2069,different
2070,visible
2071,course
2072,inexpensive
2073,high-value
2074,wisconsin
2075,enormous
2076,subjected
2077,iconic
2078,cross-border
2079,personal
2080,love
2081,providing
2082,things
2083,totally
2084,bumpy
2085,straight
2086,tight
2087,evolved
2088,resolved
2089,talking
2090,uniquely
2091,emphasis
2092,translate
2093,in-demand
2094,distinctions
2095,3.9
2096,season
2097,payout
2098,reap
2099,non-programming
2100,topic
2101,occurs
2102,collections
2103,holy
2104,untimely
2105,prominently
2106,namely
2107,literally
2108,result
2109,acceleration
2110,high-risk
2111,uncovering
2112,built-in
2113,principles
2114,acute
2115,pgw
2116,loading
2117,myeloma
2118,class
2119,upbeat
2120,underdeveloped
2121,closing
2122,libor
2123,finally
2124,friendship
2125,content
2126,walmart
2127,6.6
2128,sometimes
2129,ingredients
2130,absolutely
2131,leading
2132,multiple
2133,regardless
2134,plainly
2135,helps
2136,disputes
2137,virus
2138,world-class
2139,cold
2140,citi
2141,weakening
2142,recurring
2143,transmission
2144,western
2145,engage
2146,canadian
2147,safe
2148,regular
2149,scott
2150,group
2151,obstructed
2152,fell
2153,adherence
2154,needs
2155,long-standing
2156,gave
2157,structures
2158,patent
2159,simplifying
2160,consistently
2161,software
2162,0.07
2163,intel
2164,calls
2165,loud
2166,disproportional
2167,successful
2168,introductions
2169,mercer
2170,cities
2171,2.9
2172,daily
2173,8-k
2174,urgent
2175,federal
2176,2013
2177,300
2178,spend
2179,streamlined
2180,contentious
2181,incredibly
2182,ownership
2183,college
2184,funny
2185,indulgence
2186,paypal
2187,entail
2188,proactive
2189,accrual
2190,store
2191,accomplishments
2192,disclosures
2193,bigger
2194,prize
2195,among
2196,embedded
2197,artist
2198,congested
2199,adjusted
2200,guarantee
2201,transformation
2202,aca-compliant
2203,historic
2204,unprofitable
2205,read
2206,terminal
2207,10-k
2208,azure
2209,megawatt
2210,northern
2211,platforms
2212,extending
2213,keeping
2214,restraints
2215,knowing
2216,arguably
2217,pomalyst/imnovid
2218,travel
2219,7.2
2220,relentlessly
2221,casualty
2222,milk
2223,advantageously
2224,strengths
2225,11.5
2226,wider
2227,buys
2228,regulatory
2229,cost
2230,base
2231,barrels
2232,providers
2233,actually
2234,described
2235,gaps
2236,remove
2237,cardiogenic
2238,fire
2239,protein
2240,full
2241,headache
2242,numbers
2243,monday
2244,learned
2245,outcomes
2246,financial
2247,unfortunate
2248,persisted
2249,three
2250,surface
2251,disclaimer
2252,become
2253,incorporate
2254,saas
2255,consumables
2256,prefer
2257,tumultuous
2258,open
2259,tentative
2260,cognizant
2261,operators
2262,sleep
2263,brexit
2264,comfort
2265,relinquishments
2266,warehouse
2267,priority
2268,misunderstood
2269,omitted
2270,onto
2271,outperforming
2272,breakdown
2273,observant
2274,hours
2275,heading
2276,engagements
2277,wealth
2278,perform
2279,still
2280,proper
2281,well-positioned
2282,lingering
2283,economies
2284,presented
2285,technology
2286,audience
2287,blast
2288,7.1
2289,remarks
2290,charles
2291,handicap
2292,affiliate
2293,air
2294,journey
2295,dampened
2296,high-end
2297,enterprise
2298,proven
2299,come
2300,substance
2301,resmed
2302,positions
2303,devalue
2304,exercise
2305,value
2306,thousands
2307,cause
2308,salesforce
2309,realignment
2310,timberland
2311,divesting
2312,segment
2313,subtle
2314,negatively
2315,brett
2316,assertions
2317,zealand
2318,additional
2319,decided
2320,counting
2321,pension
2322,adequately
2323,lockout
2324,diminish
2325,prehearing
2326,regards
2327,reinforced
2328,managements
2329,reiterate
2330,fas
2331,structure
2332,usually
2333,smartphone
2334,layer
2335,plants
2336,jeopardize
2337,unchanged
2338,force
2339,deployment
2340,alignment
2341,exempt
2342,stranded
2343,low-cost
2344,phase
2345,teri
2346,carol
2347,load
2348,shipping
2349,venture
2350,tackle
2351,range
2352,contingencies
2353,redemption
2354,fixed
2355,practice
2356,provider
2357,lap
2358,door
2359,grasberg
2360,sku
2361,communicated
2362,free
2363,positive
2364,motors
2365,precludes
2366,unscheduled
2367,orders
2368,asked
2369,ftc
2370,dependant
2371,teens
2372,certification
2373,appliances
2374,committee
2375,internationally
2376,heres
2377,couple
2378,sensor
2379,straight-forward
2380,fairly
2381,narrow
2382,revert
2383,slowest
2384,rebound
2385,all-flash
2386,terawatt
2387,lumber
2388,gpus
2389,wes
2390,traditionally
2391,violations
2392,nimble
2393,determine
2394,inaccurate
2395,hear
2396,backdrop
2397,meaningful
2398,basketball
2399,bump
2400,delivers
2401,aimed
2402,funds
2403,estimates
2404,remediation
2405,know
2406,curtailment
2407,charity
2408,implicated
2409,chassis
2410,complaint
2411,contracted
2412,timberlands
2413,dave
2414,amazingly
2415,league
2416,newer
2417,andrew
2418,consolidated
2419,helix
2420,stone
2421,liquidity
2422,share
2423,cuts
2424,clearance
2425,hour
2426,furious
2427,itero
2428,inadequate
2429,supplement
2430,fueling
2431,surprised
2432,generate
2433,wood
2434,pure
2435,forefront
2436,hugely
2437,cpu
2438,information
2439,samsung
2440,scheduled
2441,intuit
2442,beat
2443,process
2444,assessment
2445,activity
2446,motion
2447,sources
2448,optimization
2449,personalized
2450,skyworks
2451,writ
2452,practices
2453,130
2454,roughly
2455,lapsed
2456,build
2457,friend
2458,eventually
2459,felt
2460,positioned
2461,okay
2462,question-and-answer
2463,contributing
2464,criticized
2465,agent
2466,enhanced
2467,variables
2468,progressing
2469,abundantly
2470,terminated
2471,non-res
2472,era
2473,long
2474,noteworthy
2475,mortgage
2476,enterprises
2477,unseasonably
2478,unacceptable
2479,inning
2480,extremely
2481,foremost
2482,takes
2483,report
2484,soften
2485,anemic
2486,roe
2487,cloudy
2488,nii
2489,broad
2490,wind
2491,cards
2492,convincing
2493,medicine
2494,flawless
2495,depletion
2496,energized
2497,awfully
2498,persistent
2499,onboard
2500,membership
2501,hdd
2502,net
2503,old
2504,section
2505,phones
2506,financials
2507,to-date
2508,0.57
2509,missed
2510,warrant
2511,assisted
2512,covering
2513,served
2514,wages
2515,reconcile
2516,winners
2517,remediating
2518,pioneer
2519,broken
2520,aim
2521,divisions
2522,senate
2523,diapers
2524,users
2525,imply
2526,temporary
2527,steve
2528,ratably
2529,conversations
2530,equinix
2531,crazy
2532,surpassed
2533,launch
2534,newest
2535,results
2536,snack
2537,tumor
2538,separation
2539,emotional
2540,identified
2541,saving
2542,intelligence
2543,proud
2544,pay
2545,equity
2546,quiet
2547,cable
2548,official
2549,tuning
2550,refinement
2551,bcf
2552,viability
2553,exploit
2554,jewel
2555,iron
2556,walk
2557,japan
2558,yes
2559,hong
2560,finance
2561,divested
2562,pending
2563,history
2564,cancellations
2565,printing
2566,fronts
2567,accelerated
2568,seize
2569,opportunistically
2570,emphasize
2571,hair
2572,throughout
2573,removing
2574,illuminate
2575,liability
2576,450
2577,stylish
2578,timeframe
2579,self-inflicted
2580,high-speed
2581,script
2582,flywheel
2583,beta
2584,obviously
2585,disadvantage
2586,adjustment
2587,metro
2588,accuse
2589,justice
2590,west
2591,linear
2592,exponentially
2593,behind
2594,servicing
2595,diego
2596,congratulation
2597,neutralize
2598,boeing
2599,globally
2600,inaudible
2601,unfavorably
2602,53rd
2603,sufficiently
2604,tolerable
2605,placements
2606,expensive
2607,skilled
2608,continue
2609,dilutive
2610,renegotiations
2611,stoppage
2612,stolen
2613,crime
2614,sufficient
2615,ordering
2616,partnership
2617,succeed
2618,demolition
2619,uneven
2620,noise
2621,persists
2622,prices
2623,commercialization
2624,improper
2625,several
2626,hike
2627,postpaid
2628,kroger
2629,approvals
2630,randy
2631,exceed
2632,crm
2633,accurate
2634,fidelity
2635,internet
2636,midsized
2637,contributions
2638,detachment
2639,goodness
2640,vehicles
2641,sports
2642,territories
2643,importantly
2644,resource
2645,patients
2646,measures
2647,conviction
2648,policy
2649,proficient
2650,tru
2651,fret
2652,respect
2653,verticals
2654,breast
2655,leadership
2656,catch
2657,book-to-bill
2658,pressing
2659,reject
2660,accommodation
2661,renal
2662,scalable
2663,release
2664,excludes
2665,fierce
2666,likelihood
2667,asphalt
2668,anxious
2669,announcement
2670,toward
2671,"5,000"
2672,smaller
2673,bolster
2674,skittish
2675,convenience
2676,diverted
2677,vary
2678,hampered
2679,lung
2680,drought
2681,people
2682,differential
2683,act
2684,repeatedly
2685,barely
2686,convince
2687,precious
2688,differentiator
2689,disposition
2690,nrg
2691,attrition
2692,empathy
2693,particularly
2694,introduced
2695,undisputed
2696,derivative
2697,captivating
2698,gain
2699,strange
2700,communicate
2701,reduction
2702,pillars
2703,respiratory
2704,benefiting
2705,combines
2706,atrophy
2707,brands
2708,contend
2709,slight
2710,stain
2711,columbia
2712,commentary
2713,choices
2714,remain
2715,uncertainties
2716,250
2717,approach
2718,end
2719,intention
2720,signings
2721,encouragement
2722,appears
2723,evaluate
2724,handsomely
2725,lack
2726,states
2727,shipment
2728,accomplished
2729,manner
2730,diversification
2731,attain
2732,scores
2733,ach
2734,last
2735,windows
2736,abused
2737,demonetization
2738,intimately
2739,nand
2740,transform
2741,exposures
2742,volume
2743,next-generation
2744,says
2745,telx
2746,resort
2747,fluctuate
2748,let
2749,terrorism
2750,worsening
2751,profoundly
2752,head
2753,mad
2754,humira
2755,stricter
2756,effect
2757,viewed
2758,low
2759,understatement
2760,significance
2761,marginal
2762,annualized
2763,energetic
2764,joint
2765,ultimate
2766,transportation
2767,kors
2768,preliminary
2769,compute
2770,cloud-based
2771,quanta
2772,families
2773,sustaining
2774,conversation
2775,shared
2776,vibrant
2777,turbotax
2778,molecule
2779,pieces
2780,predictions
2781,agreements
2782,segmentation
2783,asp
2784,testimony
2785,stimulation
2786,matters
2787,stabilizing
2788,finished
2789,michigan
2790,pd-l1
2791,postponing
2792,spawn
2793,hands
2794,0.45
2795,enable
2796,economical
2797,commissions
2798,aap
2799,suspension
2800,uneconomic
2801,uptake
2802,apparently
2803,contingency
2804,makes
2805,unless
2806,appropriate
2807,headed
2808,stay
2809,spicy
2810,investor
2811,proprietary
2812,blocks
2813,regarding
2814,turnaround
2815,evidenced
2816,really
2817,unfortunately
2818,independently
2819,intend
2820,certainty
2821,lesser-known
2822,worst
2823,crucial
2824,instrument
2825,citigroup
2826,missile
2827,schedule
2828,strategically
2829,desired
2830,reluctant
2831,transitioning
2832,innings
2833,outflow
2834,worthwhile
2835,volatile
2836,melanoma
2837,measure
2838,tuned
2839,features
2840,africa
2841,competence
2842,depleted
2843,dynamic
2844,steep
2845,winded
2846,rid
2847,imperfect
2848,ann
2849,minimize
2850,utilization
2851,incur
2852,high-performance
2853,state
2854,unprepared
2855,income
2856,visibility
2857,characterized
2858,augment
2859,notably
2860,impressed
2861,maximum
2862,japanese
2863,debit
2864,hilton
2865,lymphoma
2866,executor
2867,words
2868,unwise
2869,legislative
2870,fluff
2871,prone
2872,heritage
2873,landed
2874,overstate
2875,train
2876,setback
2877,builder
2878,precise
2879,ignores
2880,ramp-up
2881,bank
2882,familiarize
2883,hand
2884,discount
2885,continuity
2886,views
2887,knowledge
2888,shifting
2889,due
2890,quarterly
2891,peter
2892,minimal
2893,coca-cola
2894,caution
2895,explained
2896,adp
2897,closely
2898,upon
2899,incorrectly
2900,market-leading
2901,improvement
2902,derrick
2903,accruals
2904,cetera
2905,0.02
2906,ratio
2907,intuitive
2908,loose
2909,notable
2910,owner
2911,detailed
2912,belief
2913,royalty
2914,useful
2915,solidly
2916,unnecessary
2917,plumbing
2918,agenda
2919,abnormally
2920,tougher
2921,"25,000"
2922,sustained
2923,regulating
2924,personalization
2925,afflict
2926,hindrance
2927,decay
2928,arizona
2929,nuisances
2930,uphill
2931,wholesale
2932,listen
2933,forecast
2934,familiar
2935,"500,000"
2936,patience
2937,competitors
2938,tribute
2939,verification
2940,buyers
2941,fraction
2942,architectural
2943,unplanned
2944,breadth
2945,size
2946,targets
2947,777x
2948,baricitinib
2949,stage
2950,chris
2951,dependable
2952,hefty
2953,litigated
2954,point
2955,board
2956,undoubtedly
2957,defect
2958,promise
2959,implementing
2960,located
2961,determination
2962,completions
2963,restaurant
2964,refunds
2965,impeccable
2966,certain
2967,mexican
2968,weaknesses
2969,aspiration
2970,cuss
2971,commodities
2972,pie
2973,private
2974,age
2975,dangerous
2976,installation
2977,precipitously
2978,vince
2979,updating
2980,thank
2981,dictate
2982,styles
2983,gdp
2984,joining
2985,routing
2986,2015
2987,relaxing
2988,engines
2989,residual
2990,revolver
2991,negotiating
2992,scientific
2993,adam
2994,materially
2995,bound
2996,consumer
2997,comment
2998,reliant
2999,nervous
3000,breaking
3001,clinical
3002,blueprint
3003,breakfast
3004,face
3005,billings
3006,suit
3007,deductible
3008,bestselling
3009,related
3010,apple
3011,smart
3012,retail
3013,receivable
3014,differs
3015,rob
3016,fast
3017,expect
3018,confines
3019,pool
3020,tech
3021,europe
3022,refine
3023,enduring
3024,liar
3025,citrix
3026,customers
3027,guided
3028,rock
3029,midpoint
3030,increase
3031,differentiated
3032,multi-cloud
3033,punitive
3034,prior
3035,canceled
3036,cross-selling
3037,euro
3038,simplify
3039,welcome
3040,design
3041,sharply
3042,complete
3043,varying
3044,laser
3045,sikorsky
3046,12.5
3047,indicated
3048,lending
3049,legislature
3050,follows
3051,hepatitis
3052,communications
3053,disappear
3054,fluctuation
3055,shipped
3056,well-managed
3057,respective
3058,shadow
3059,pennies
3060,opened
3061,costs
3062,contrary
3063,collectively
3064,physicians
3065,huge
3066,lives
3067,authority
3068,lacked
3069,medical
3070,wrap
3071,expenses
3072,said
3073,adversity
3074,card
3075,diluted
3076,boosted
3077,whenever
3078,amazing
3079,persisting
3080,constant
3081,create
3082,financially
3083,carriers
3084,same-store
3085,tends
3086,effective
3087,builds
3088,pessimistic
3089,opec
3090,stabilizes
3091,include
3092,definite
3093,relationships
3094,congestion
3095,every
3096,high-quality
3097,shift
3098,old-fashioned
3099,accountants
3100,displace
3101,differences
3102,something
3103,thoughtfully
3104,shallow
3105,complimentary
3106,limit
3107,integrate
3108,4.9
3109,improvements
3110,fault
3111,cases
3112,effortlessly
3113,emergency
3114,2011
3115,masks
3116,pervasively
3117,perfectly
3118,unrealistic
3119,engineers
3120,inconsistent
3121,compassionate
3122,record-setting
3123,healthy
3124,shale
3125,incidence
3126,details
3127,smoother
3128,fitness
3129,turkey
3130,call
3131,environmental
3132,decline
3133,simplistically
3134,figure
3135,overages
3136,mandated
3137,penalty
3138,abundant
3139,learning
3140,challenging
3141,china
3142,verizon
3143,mantra
3144,elevated
3145,fail
3146,restructured
3147,nations
3148,baked
3149,arbitration
3150,purchase
3151,victory
3152,auto
3153,sheet
3154,appealed
3155,12.2
3156,fueled
3157,plentiful
3158,turbulence
3159,programmatic
3160,clean
3161,redactions
3162,statutorily
3163,virtue
3164,disclose
3165,all-new
3166,neighborhood
3167,pricing
3168,year-over-year
3169,conducive
3170,week
3171,pants
3172,british
3173,vocal
3174,minor
3175,within
3176,industry-standard
3177,instruments
3178,earlier
3179,vastly
3180,intangibles
3181,show
3182,spending
3183,inviting
3184,flip
3185,released
3186,10-q
3187,filter
3188,immature
3189,noticeably
3190,6.7
3191,external
3192,quarter-to-quarter
3193,incredible
3194,perfect
3195,highest
3196,constraining
3197,entity
3198,lifecycle
3199,seems
3200,issue
3201,lower
3202,probability
3203,join
3204,thinking
3205,11.3
3206,pillar
3207,economic
3208,autonomous
3209,relentless
3210,7.5
3211,terminals
3212,cosmetics
3213,eig
3214,inge
3215,compression
3216,multi-year
3217,seeking
3218,fx-neutral
3219,aol
3220,delayed
3221,mines
3222,millennials
3223,irrational
3224,nps
3225,reflect
3226,acquisition-related
3227,inventory
3228,top-line
3229,falls
3230,mountain
3231,prepare
3232,ship
3233,might
3234,none
3235,upturn
3236,studied
3237,directly
3238,dead
3239,follow-up
3240,seamless
3241,box
3242,proposition
3243,continued
3244,prudence
3245,frequently
3246,fed
3247,announcing
3248,cautionary
3249,infallible
3250,identify
3251,personally
3252,empower
3253,lull
3254,blockbuster
3255,advancing
3256,divest
3257,offered
3258,improving
3259,named
3260,alaska
3261,panel
3262,evolving
3263,easier
3264,courts
3265,prioritize
3266,compare
3267,2025
3268,influential
3269,facts
3270,southwest
3271,glow
3272,mode
3273,contradicted
3274,limitation
3275,uncontrolled
3276,nice
3277,365
3278,creative
3279,discomfort
3280,nevertheless
3281,moderate
3282,bit
3283,analysts
3284,consistency
3285,ecosystems
3286,consideration
3287,attract
3288,medicaid
3289,150
3290,abrasion
3291,protecting
3292,petition
3293,unanticipated
3294,anthony
3295,product
3296,commit
3297,lengthy
3298,credits
3299,ebay
3300,uncompromising
3301,3.5
3302,coherent
3303,pro
3304,export
3305,cleanliness
3306,rescue
3307,alternative
3308,definition
3309,excuse
3310,arr
3311,contracting
3312,solving
3313,discussing
3314,contract
3315,highway
3316,randomize
3317,secured
3318,commission
3319,money
3320,argentina
3321,westrock
3322,trending
3323,obvious
3324,exacerbations
3325,covered
3326,screening
3327,failing
3328,error
3329,hole
3330,somehow
3331,tea
3332,assess
3333,firm
3334,potent
3335,constructed
3336,prestigious
3337,credit
3338,sit
3339,regimens
3340,using
3341,niche
3342,delivering
3343,think
3344,funky
3345,ton
3346,hit
3347,mistake
3348,smallest
3349,accept
3350,currently
3351,humongous
3352,direction
3353,nigel
3354,telecom
3355,choppy
3356,weeks
3357,transparent
3358,downside
3359,reduces
3360,italy
3361,bottom
3362,foodservice
3363,started
3364,step-up
3365,amended
3366,constraints
3367,event
3368,frankly
3369,pride
3370,totaled
3371,indeed
3372,chinese
3373,involves
3374,reinforcement
3375,maintenance
3376,relapse
3377,operations
3378,satisfying
3379,personnel
3380,reality
3381,contraction
3382,generic
3383,blur
3384,2.5
3385,alluded
3386,signature
3387,venezuela
3388,budget
3389,nasdaq
3390,chocolate
3391,transparency
3392,medium
3393,compliance
3394,nuances
3395,spots
3396,tavr
3397,promotional
3398,deals
3399,predicting
3400,mesh
3401,county
3402,bottoms
3403,consulting
3404,primarily
3405,beacon
3406,technological
3407,ramped
3408,clorox
3409,price
3410,amounts
3411,outpaced
3412,round
3413,facilitate
3414,opportunities
3415,fragile
3416,coupon
3417,safety
3418,ratios
3419,beverages
3420,requirement
3421,do-it-yourself
3422,screen
3423,matt
3424,tremendous
3425,oversized
3426,updated
3427,defined
3428,red
3429,evidence
3430,beauty
3431,lowering
3432,headwinds
3433,street
3434,ken
3435,ends
3436,limiting
3437,4.4
3438,aggregates
3439,summit
3440,government
3441,combining
3442,contained
3443,concrete
3444,assume
3445,awe
3446,frustrated
3447,slim
3448,onetime
3449,sea
3450,translates
3451,bias
3452,markdowns
3453,intensity
3454,track
3455,represent
3456,ranges
3457,dysfunctional
3458,offensive
3459,provided
3460,shred
3461,diy
3462,bottling
3463,glass
3464,restructurings
3465,eliminate
3466,downshift
3467,macro
3468,freshly
3469,commitments
3470,laws
3471,wise
3472,warranty
3473,complements
3474,electric
3475,260
3476,watch
3477,principle
3478,southern
3479,going
3480,simple
3481,brave
3482,rare
3483,qbo
3484,mixed
3485,believes
3486,starbucks
3487,item
3488,technically
3489,immaterial
3490,twitter
3491,dated
3492,bans
3493,locations
3494,drives
3495,scope
3496,outperforms
3497,4.6
3498,inefficiencies
3499,inform
3500,realize
3501,confined
3502,adaptable
3503,ifs
3504,cost-cutting
3505,predict
3506,apprehensive
3507,utilized
3508,onerous
3509,september
3510,chunky
3511,answers
3512,distribution
3513,pharmacy
3514,tall
3515,expansions
3516,appellate
3517,interesting
3518,following
3519,ready
3520,comfortably
3521,except
3522,aur
3523,giving
3524,hard
3525,exception
3526,lower-priced
3527,perfidious
3528,funding
3529,begins
3530,wireless
3531,reinforce
3532,loaded
3533,career
3534,activision
3535,consecutive
3536,insanely
3537,noisy
3538,comparing
3539,builders
3540,recognition
3541,california
3542,dirt
3543,decision
3544,played
3545,supply
3546,payables
3547,value-based
3548,captured
3549,pork
3550,assumes
3551,initiative
3552,weakness
3553,circumstances
3554,legitimate
3555,cpg
3556,mill
3557,over-the-top
3558,political
3559,pinnacle
3560,meetings
3561,renew
3562,disrupting
3563,tied
3564,foundation
3565,doctors
3566,consolidating
3567,reactivate
3568,smooth
3569,payer
3570,fruit
3571,reporting
3572,unlikely
3573,grab
3574,repurchases
3575,confusion
3576,bolt-on
3577,bodes
3578,numerous
3579,outages
3580,pack
3581,innovative
3582,owners
3583,0.25
3584,principled
3585,strength
3586,performance
3587,overweight
3588,b2b
3589,expenditures
3590,injured
3591,markets
3592,lacks
3593,aging
3594,shorter
3595,innovations
3596,death
3597,collection
3598,workers
3599,architectures
3600,interestingly
3601,ads
3602,handful
3603,trials
3604,recalls
3605,extend
3606,sce
3607,represents
3608,utilize
3609,member
3610,substantially
3611,reflection
3612,analyst
3613,side
3614,prospect
3615,participation
3616,merchant
3617,plaintiffs
3618,third-party
3619,highlighted
3620,trend
3621,low-single
3622,needlessly
3623,recalled
3624,dental
3625,strengthens
3626,trauma
3627,investigation
3628,rick
3629,alone
3630,dimensions
3631,including
3632,revenue
3633,vegas
3634,intact
3635,proceed
3636,curtailed
3637,grade
3638,user
3639,receiving
3640,heads
3641,fashion
3642,nonetheless
3643,customary
3644,varies
3645,jeff
3646,returns
3647,morale
3648,outstandingly
3649,invisalign
3650,4.2
3651,india
3652,pos
3653,2.1
3654,truly
3655,achieving
3656,cordless
3657,depend
3658,honors
3659,competitiveness
3660,reassess
3661,elsewhere
3662,renegotiating
3663,displacement
3664,administrative
3665,graphic
3666,n20
3667,elimination
3668,3.3
3669,connection
3670,inc
3671,horizon
3672,absorbing
3673,transformative
3674,breach
3675,period
3676,headline
3677,in-store
3678,legislation
3679,submitted
3680,dairy
3681,drx
3682,chagrin
3683,seldom
3684,disappointed
3685,formula
3686,commits
3687,automotive
3688,came
3689,lone
3690,directives
3691,disorganization
3692,chase
3693,crucially
3694,ramping
3695,book
3696,dictated
3697,balanced
3698,onslaught
3699,someone
3700,judicial
3701,infringement
3702,forecasting
3703,competition
3704,aspire
3705,rocky
3706,sold
3707,peace
3708,relates
3709,in-line
3710,2018
3711,cripple
3712,initiated
3713,washington
3714,suggests
3715,generators
3716,shape
3717,resulting
3718,operational
3719,gentle
3720,road
3721,reductions
3722,beef
3723,eye
3724,infrastructure
3725,san
3726,attractiveness
3727,bear
3728,intellectually
3729,expenditure
3730,achievements
3731,branches
3732,premiums
3733,0.01
3734,calculated
3735,tightening
3736,weakens
3737,commerce
3738,explore
3739,judge
3740,so-called
3741,accepted
3742,mimo
3743,0.2
3744,necessarily
3745,contrast
3746,whereby
3747,caustic
3748,asv
3749,correction
3750,mid-range
3751,correlation
3752,prestige
3753,potential
3754,recovered
3755,previously
3756,benchmarks
3757,salaries
3758,2017
3759,suffice
3760,etcetera
3761,jury
3762,sue
3763,placed
3764,border
3765,hugh
3766,displaced
3767,deficiencies
3768,pse
3769,deficit
3770,indonesia
3771,suppose
3772,directors
3773,decade
3774,realizing
3775,labor
3776,protocols
3777,booming
3778,mechanical
3779,loan
3780,failures
3781,sorry
3782,integrating
3783,combination
3784,together
3785,ralph
3786,warned
3787,commensurate
3788,corporate
3789,delinquency
3790,cycles
3791,power
3792,individuals
3793,redacted
3794,ripe
3795,stepping
3796,app
3797,priorities
3798,faith
3799,license
3800,organization
3801,replay
3802,contributed
3803,fundamentally
3804,delay
3805,individual
3806,bankruptcies
3807,barrier
3808,payable
3809,cookies
3810,frequency
3811,permission
3812,wonderful
3813,perplexed
3814,facility
3815,renegotiate
3816,screw
3817,extended
3818,books
3819,decreases
3820,glossy
3821,tough
3822,oppose
3823,rfp
3824,diabetes
3825,constraint
3826,lagged
3827,processes
3828,swift
3829,sensors
3830,valspar
3831,shortages
3832,repositioning
3833,5.1
3834,target
3835,dot
3836,implemented
3837,typical
3838,uniqueness
3839,altogether
3840,disagreements
3841,hif
3842,worthy
3843,holds
3844,long-winded
3845,fruitful
3846,truthfully
3847,deleverage
3848,physician
3849,stores
3850,230
3851,rip
3852,non-cash
3853,deviation
3854,specialty
3855,inefficiency
3856,historically
3857,anything
3858,pervasive
3859,session
3860,bright
3861,modules
3862,dallas
3863,gold
3864,deposition
3865,lying
3866,discussion
3867,flagship
3868,athleta
3869,latent
3870,fines
3871,search
3872,environments
3873,component
3874,sneak
3875,undue
3876,recorded
3877,match
3878,pizza
3879,recoverable
3880,shrink
3881,tailwinds
3882,positiveness
3883,pull-through
3884,1.75
3885,exclusive
3886,reinterpret
3887,addressed
3888,dividends
3889,cpi
3890,shows
3891,movie
3892,slowly
3893,2022
3894,ross
3895,dominate
3896,integrated
3897,interested
3898,gone
3899,items
3900,storm
3901,pick-up
3902,in-house
3903,vega
3904,compliment
3905,northeast
3906,stations
3907,passed
3908,blunt
3909,filings
3910,generation
3911,incidents
3912,agreement
3913,probably
3914,treasury
3915,slowdowns
3916,present
3917,converting
3918,go-to-market
3919,modeling
3920,charts
3921,citicorp
3922,prompt
3923,steel
3924,give
3925,bite-sized
3926,pushed
3927,prevalent
3928,distributed
3929,second-line
3930,maintain
3931,composition
3932,happened
3933,hygiene
3934,copd
3935,vigorously
3936,encouraged
3937,cigna
3938,interests
3939,savings
3940,rigs
3941,chain
3942,rules
3943,proactively
3944,freight
3945,tool
3946,complementary
3947,joe
3948,restate
3949,propose
3950,away
3951,nutrition
3952,fascinating
3953,six
3954,apparent
3955,hardly
3956,players
3957,balancing
3958,cute
3959,investigations
3960,tubular
3961,final
3962,deliberately
3963,quickly
3964,transition
3965,defrauded
3966,lined
3967,unexpected
3968,possibility
3969,reviews
3970,juniper
3971,separate
3972,ecp
3973,critically
3974,paper
3975,duty
3976,1.2
3977,though
3978,weighted
3979,5.8
3980,functionality
3981,regulation
3982,utilities
3983,playful
3984,moments
3985,expected
3986,underwriting
3987,container
3988,begun
3989,heath
3990,helped
3991,lacking
3992,participate
3993,earning
3994,terms
3995,systems
3996,outperformance
3997,becoming
3998,estimated
3999,concept
4000,enthusiastic
4001,multinational
4002,escalated
4003,delightful
4004,landscape
4005,payback
4006,tedious
4007,stabilization
4008,engineering
4009,sum
4010,payments
4011,passionately
4012,heart
4013,certified
4014,compared
4015,painful
4016,buy
4017,charge-offs
4018,christa
4019,aggressive
4020,vitality
4021,moratorium
4022,favor
4023,firing
4024,initial
4025,farm
4026,format
4027,quietly
4028,see
4029,discrete
4030,navigate
4031,cycling
4032,unprecedented
4033,page
4034,responses
4035,overstated
4036,networks
4037,superiority
4038,10.3
4039,marked
4040,leases
4041,unconventional
4042,outperformed
4043,companies
4044,cautions
4045,fairness
4046,infectious
4047,maximize
4048,satisfied
4049,everyone
4050,others
4051,utility
4052,urgency
4053,wide
4054,iclusig
4055,companion
4056,inspiration
4057,0.40
4058,actively
4059,e-commerce
4060,move
4061,accounting
4062,laboratory
4063,networking
4064,despite
4065,industrial
4066,stark
4067,indiana
4068,hindrances
4069,tear
4070,deviate
4071,deny
4072,gathering
4073,fortunately
4074,novartis
4075,alternatives
4076,machine
4077,hoping
4078,confused
4079,year
4080,leaving
4081,filters
4082,revpar
4083,brotherhood
4084,guilty
4085,dominance
4086,basket
4087,projections
4088,downgrade
4089,advancements
4090,precipitated
4091,amount
4092,predicts
4093,therapy
4094,guests
4095,anyone
4096,lauder
4097,bids
4098,france
4099,challenges
4100,projects
4101,overwhelm
4102,indiscernible
4103,five-year
4104,lagging
4105,risks
4106,stated
4107,past
4108,resilient
4109,shareholder
4110,schedules
4111,star
4112,lay
4113,hundred
4114,towers
4115,luck
4116,extensive
4117,great
4118,earnest
4119,webcast
4120,subscriber
4121,upgrading
4122,harmonize
4123,indicate
4124,relevance
4125,ground
4126,network
4127,joy
4128,exceptional
4129,roles
4130,high-single
4131,shamelessly
4132,respond
4133,190
4134,avoid
4135,aon
4136,staying
4137,asset
4138,communities
4139,indirect
4140,happen
4141,dropped
4142,restrict
4143,connecting
4144,attracting
4145,brought
4146,12.6
4147,could
4148,hesitant
4149,precluded
4150,wellness
4151,clearer
4152,got
4153,diminishes
4154,fighter
4155,positivity
4156,helping
4157,strengthen
4158,employee
4159,decreased
4160,frac
4161,commitment
4162,wave
4163,mediation
4164,little
4165,termination
4166,overcome
4167,underway
4168,inability
4169,incrementally
4170,logic
4171,meaningfully
4172,mid-year
4173,aligning
4174,skill
4175,distract
4176,asia
4177,recently
4178,understandably
4179,migrating
4180,impact
4181,provision
4182,ameren
4183,components
4184,pump
4185,variants
4186,proof
4187,cancels
4188,frustrations
4189,opex
4190,solution
4191,delicious
4192,marketplace
4193,concerns
4194,pat
4195,markdown
4196,terminate
4197,chief
4198,burdened
4199,xbox
4200,stretch
4201,need
4202,highly
4203,dictates
4204,unpredictability
4205,foregone
4206,esoteric
4207,specifics
4208,half
4209,peers
4210,blake
4211,harry
4212,alliances
4213,misinterpret
4214,kfc
4215,thatll
4216,ending
4217,national
4218,challenged
4219,sticky
4220,durability
4221,profits
4222,iseries
4223,juice
4224,lab
4225,rauland
4226,operate
4227,feet
4228,larger
4229,future
4230,throughput
4231,hiseq
4232,studies
4233,agree
4234,techniques
4235,hearing
4236,levers
4237,math
4238,tested
4239,deliveries
4240,square
4241,developers
4242,upward
4243,single-family
4244,downlink
4245,claimants
4246,categories
4247,glenn
4248,enjoining
4249,0.14
4250,pushing
4251,ships
4252,0.10
4253,longer-term
4254,unparalleled
4255,mitch
4256,sick
4257,joke
4258,nim
4259,shock
4260,response
4261,february
4262,stock
4263,branch
4264,frivolous
4265,confirm
4266,variable
4267,in-depth
4268,remaining
4269,nation
4270,keen
4271,announcements
4272,firstnet
4273,perhaps
4274,visits
4275,inventive
4276,comprised
4277,incremental
4278,dispensing
4279,advance
4280,fees
4281,vendors
4282,club
4283,anniversary
4284,inextricably
4285,overcame
4286,jason
4287,date
4288,diligence
4289,raising
4290,algorithms
4291,torrent
4292,sort
4293,decent
4294,underpinned
4295,sign
4296,corrugated
4297,benefited
4298,considering
4299,problems
4300,sensitivity
4301,partnerships
4302,channels
4303,envy
4304,booked
4305,licensing
4306,attractive
4307,complement
4308,near
4309,billion
4310,officially
4311,majesty
4312,2.3
4313,mark
4314,normalization
4315,category
4316,commercially
4317,gaming
4318,align
4319,skyone
4320,bittersweet
4321,artificially
4322,change
4323,thrive
4324,compete
4325,storms
4326,resorts
4327,picked
4328,turns
4329,precisely
4330,validation
4331,inflows
4332,decadence
4333,unsatisfied
4334,applying
4335,humble
4336,harness
4337,inorganic
4338,fewer
4339,euphoria
4340,caribbean
4341,overwhelmingly
4342,yielding
4343,informed
4344,went
4345,brand
4346,restated
4347,5.6
4348,level
4349,allegations
4350,semiconductor
4351,progressed
4352,demonstrated
4353,confident
4354,east
4355,thoughts
4356,exit
4357,lawyer
4358,interconnection
4359,realizations
4360,operated
4361,summary
4362,retailer
4363,diminishing
4364,adjustable
4365,stock-based
4366,powerful
4367,according
4368,merck
4369,harder
4370,complicated
4371,magical
4372,intended
4373,infinite
4374,evolve
4375,4.5
4376,excel
4377,receive
4378,degeneration
4379,chip
4380,percent
4381,physical
4382,illness
4383,icy
4384,spotty
4385,inflation
4386,wonder
4387,admissions
4388,incentive
4389,treated
4390,overflow
4391,synergy
4392,cars
4393,trackers
4394,determined
4395,handicapped
4396,drill
4397,summer
4398,hedging
4399,frozen
4400,cpuc
4401,spanning
4402,sits
4403,midmarket
4404,worlds
4405,140
4406,january
4407,turn
4408,disposable
4409,strict
4410,delight
4411,modest
4412,dennis
4413,safeway
4414,dramatically
4415,tools
4416,fragrant
4417,priced
4418,quarter-on-quarter
4419,earn
4420,oems
4421,dialogue
4422,existing
4423,snacks
4424,forms
4425,tolerance
4426,penetrating
4427,thoughtful
4428,variations
4429,redundancy
4430,stabilize
4431,domain
4432,clone
4433,unsuccessful
4434,aberration
4435,permissible
4436,reiterating
4437,co-brand
4438,depended
4439,miss
4440,above-average
4441,damages
4442,life
4443,differently
4444,unhappy
4445,proceeds
4446,stifle
4447,stack
4448,revise
4449,largest
4450,youthful
4451,installed
4452,needless
4453,emip
4454,sudden
4455,episodic
4456,wish
4457,delaware
4458,ipo
4459,adds
4460,science
4461,crap
4462,9.8
4463,surpassing
4464,pledge
4465,fiscal
4466,stumble
4467,accomplishment
4468,seniors
4469,goes
4470,developing
4471,performed
4472,broaden
4473,anxiously
4474,secular
4475,aerospace
4476,awaiting
4477,affordability
4478,tend
4479,scalability
4480,waiting
4481,mainly
4482,unity
4483,approximate
4484,brick-and-mortar
4485,short-lived
4486,investing
4487,significant
4488,master
4489,rbis
4490,allow
4491,netherlands
4492,witness
4493,thief
4494,bakken
4495,alleging
4496,offense
4497,ecosystem
4498,suffer
4499,acumen
4500,mandibular
4501,benign
4502,block
4503,cyber
4504,separately
4505,countries
4506,programs
4507,grail
4508,suspects
4509,mention
4510,elaborate
4511,holidays
4512,missouri
4513,excessive
4514,recognizing
4515,describe
4516,total
4517,prevent
4518,eroding
4519,conditions
4520,aligner
4521,single
4522,surpass
4523,impressively
4524,orientation
4525,drivers
4526,measured
4527,news
4528,bills
4529,amaze
4530,greater
4531,vulnerable
4532,election
4533,passionate
4534,differentiation
4535,repeal
4536,labels
4537,opposition
4538,moderated
4539,virtually
4540,foolish
4541,huawei
4542,disappeared
4543,malay
4544,distributors
4545,deferred
4546,reduced
4547,dram
4548,kinds
4549,deadly
4550,treat
4551,playing
4552,philosophy
4553,banks
4554,uncertainty
4555,ryzen
4556,adjustments
4557,acclaimed
4558,daunting
4559,phenomenal
4560,rely
4561,confusing
4562,negative
4563,struggling
4564,company
4565,conference
4566,executing
4567,newly
4568,golden
4569,low-end
4570,inefficient
4571,unruly
4572,virtual
4573,thankfully
4574,subject
4575,downturns
4576,realistic
4577,respectively
4578,125
4579,colleagues
4580,hero
4581,condition
4582,specialized
4583,renewals
4584,lowest
4585,keith
4586,inventories
4587,absenteeism
4588,exist
4589,regulations
4590,issued
4591,pilot
4592,miles
4593,hospital
4594,insured
4595,realized
4596,roadmap
4597,ahead
4598,regard
4599,variances
4600,juvenile
4601,accountant
4602,profitably
4603,console
4604,completing
4605,shifts
4606,inquiry
4607,defense
4608,easter
4609,division
4610,rumors
4611,sight
4612,takeaway
4613,murder
4614,oblige
4615,insist
4616,0.16
4617,dull
4618,distractions
4619,trustworthy
4620,addresses
4621,paid
4622,jobs
4623,notwithstanding
4624,thorough
4625,superbly
4626,dispute
4627,captive
4628,comfortable
4629,pipelines
4630,proficiency
4631,held
4632,acutely
4633,signal
4634,rectify
4635,cybercriminal
4636,ejection
4637,giant
4638,rapidly
4639,convertible
4640,yeah
4641,scaling
4642,account
4643,heavily
4644,cultivate
4645,9.6
4646,fabric
4647,residential
4648,media
4649,instance
4650,pretty
4651,attempt
4652,forward-looking
4653,timing
4654,trade
4655,forward
4656,random
4657,heal
4658,2.4
4659,inventing
4660,7-nanometer
4661,8.3
4662,pathway
4663,francisco
4664,authorization
4665,support
4666,overruns
4667,loyalty
4668,tons
4669,informal
4670,bite
4671,diversion
4672,diligent
4673,overwatch
4674,window
4675,line
4676,messy
4677,distant
4678,aircraft
4679,greedy
4680,later
4681,ripen
4682,household
4683,relapsed
4684,lost
4685,fragrance
4686,complication
4687,pattern
4688,full-service
4689,destined
4690,enrollment
4691,brings
4692,eyes
4693,fiber
4694,inclusion
4695,excluding
4696,increases
4697,mobile
4698,year-to-year
4699,delays
4700,isolating
4701,controls
4702,investments
4703,list
4704,disagree
4705,underestimating
4706,transcend
4707,ordinarily
4708,candy
4709,0.5
4710,hold
4711,rational
4712,acreage
4713,creek
4714,differ
4715,option
4716,insight
4717,statements
4718,enforceable
4719,feature
4720,magnitude
4721,upgrade
4722,troubled
4723,uncertainly
4724,shutdown
4725,job
4726,finish
4727,solid
4728,postponed
4729,starts
4730,enabling
4731,took
4732,subscription
4733,refrigeration
4734,family
4735,conjunction
4736,todays
4737,doom
4738,taxable
4739,chips
4740,certainly
4741,erroneous
4742,unspecified
4743,thirst
4744,differentiate
4745,packaging
4746,arrangements
4747,talent
4748,700
4749,straight-line
4750,functional
4751,0.11
4752,intangible
4753,priceless
4754,monolithic
4755,pilots
4756,completion
4757,complex
4758,welding
4759,percentage
4760,additive
4761,conquer
4762,hersheys
4763,excellent
4764,eager
4765,processing
4766,disruptive
4767,proving
4768,wars
4769,spain
4770,expiration
4771,harming
4772,graphics
4773,refresh
4774,all-time
4775,promotion
4776,tenant
4777,developed
4778,one
4779,domestically
4780,sorely
4781,demise
4782,march
4783,interruptions
4784,infection
4785,treating
4786,originations
4787,transport
4788,highlight
4789,apparel
4790,sense
4791,cybercriminals
4792,restatement
4793,combine
4794,lines
4795,word
4796,characteristics
4797,york
4798,peak
4799,meet
4800,continual
4801,hindered
4802,roi
4803,mobility
4804,rova-t
4805,coverage
4806,maximizing
4807,impairment
4808,optionality
4809,impairments
4810,frank
4811,untenable
4812,retain
4813,enjoin
4814,stainless
4815,controllable
4816,leveraged
4817,filed
4818,indications
4819,bag
4820,hot
4821,abuses
4822,impressive
4823,disappointment
4824,responsible
4825,drove
4826,disappoint
4827,addressable
4828,plane
4829,albeit
4830,middle
4831,channel
4832,pressures
4833,expands
4834,sincere
4835,hvac
4836,year-ago
4837,president
4838,normal
4839,associated
4840,terminus
4841,apache
4842,weather
4843,million
4844,soup
4845,package
4846,unbelievable
4847,wallet
4848,clouds
4849,drilled
4850,buybacks
4851,situation
4852,website
4853,whatever
4854,ability
4855,appeared
4856,meant
4857,behalf
4858,electrical
4859,misuse
4860,0.59
4861,forecasted
4862,achieves
4863,changing
4864,appear
4865,requirements
4866,duration
4867,exceedingly
4868,kind
4869,authenticity
4870,diversey
4871,employment
4872,hedge
4873,contested
4874,reservation
4875,tackling
4876,equally
4877,hunger
4878,low-risk
4879,collaborated
4880,sentimental
4881,temper
4882,deceiving
4883,offer
4884,equipment
4885,grateful
4886,impending
4887,objective
4888,comps
4889,expansive
4890,muscle
4891,debilitating
4892,profitable
4893,recovery
4894,colocation
4895,injury
4896,centers
4897,balances
4898,companys
4899,standing
4900,table
4901,attack
4902,least
4903,connectivity
4904,sanctity
4905,influence
4906,8.9
4907,bounded
4908,targeting
4909,gen
4910,reserves
4911,connected
4912,eda
4913,usual
4914,closings
4915,entering
4916,output
4917,cap
4918,invent
4919,2012
4920,conditional
4921,clever
4922,simultaneously
4923,terror
4924,incorporates
4925,worse
4926,centrally
4927,universal
4928,initially
4929,first-line
4930,0.04
4931,draw
4932,conflicted
4933,optimizing
4934,discipline
4935,accordingly
4936,congratulate
4937,engineered
4938,development
4939,respectful
4940,unhealthy
4941,corporation
4942,discounts
4943,1.9
4944,pest
4945,shipments
4946,perseverance
4947,breakthrough
4948,600
4949,peo
4950,fine
4951,commercial
4952,errors
4953,scenarios
4954,shot
4955,knew
4956,lucky
4957,print
4958,200
4959,regulators
4960,permitted
4961,issuance
4962,measurement
4963,absorb
4964,rather
4965,reasonable
4966,rationalizing
4967,calculation
4968,poorly
4969,mid-tier
4970,moderately
4971,managing
4972,delaying
4973,dumb
4974,plaintiff
4975,layers
4976,thermal
4977,feedback
4978,reflective
4979,sub-par
4980,area
4981,engine
4982,desire
4983,dementia
4984,worsened
4985,on-premise
4986,pleasing
4987,delicate
4988,gasoline
4989,compact
4990,carolina
4991,deepen
4992,custom
4993,invest
4994,overuse
4995,maturity
4996,ongoing
4997,acquisitions
4998,probable
4999,team
5000,scarce
5001,heather
5002,covergirl
5003,adjacencies
5004,parties
5005,muddy
5006,helpful
5007,close
5008,exited
5009,entirely
5010,point-of-sale
5011,tower
5012,raise
5013,transforming
5014,rest
5015,cookie
5016,offset
5017,framework
5018,comparisons
5019,purchases
5020,approximately
5021,overbuild
5022,civil
5023,taking
5024,fantastic
5025,franchises
5026,longer
5027,testing
5028,today
5029,matter
5030,speculate
5031,sites
5032,intellectual
5033,softer
5034,naked
5035,transparently
5036,purchased
5037,bps
5038,full-size
5039,puts
5040,hopeful
5041,involved
5042,advantage
5043,series
5044,featuring
5045,select
5046,convenient
5047,go-forward
5048,aftermarket
5049,stop
5050,types
5051,affordable
5052,divestments
5053,med
5054,monthly
5055,ball
5056,underestimate
5057,conventional
5058,willing
5059,guess
5060,understanding
5061,chevrolet
5062,1st
5063,rating
5064,dealer
5065,highs
5066,everybody
5067,containerboard
5068,creatively
5069,pace
5070,runway
5071,covers
5072,gets
5073,partner
5074,pbms
5075,appreciate
5076,theft
5077,prototyping
5078,wins
5079,recent
5080,reserve
5081,get
5082,upfront
5083,michael
5084,methodology
5085,signals
5086,drag
5087,activation
5088,posting
5089,opportunity
5090,day-to-day
5091,enviable
5092,jurisdictions
5093,culmination
5094,accommodate
5095,danger
5096,proppant
5097,contemporary
5098,recycling
5099,radically
5100,formality
5101,agencies
5102,material
5103,unusual
5104,exceeded
5105,equitable
5106,quite
5107,house
5108,auxiliary
5109,1.8
5110,forcing
5111,outage
5112,disappointing
5113,texas
5114,rewards
5115,discovery
5116,skeptical
5117,manufacture
5118,liquidating
5119,coming
5120,casual
5121,biscuits
5122,equities
5123,certificate
5124,limited
5125,diminished
5126,displacing
5127,defensive
5128,cleaner
5129,tolerated
5130,thereof
5131,getting
5132,mid-teens
5133,restating
5134,winter
5135,earned
5136,form
5137,nanometer
5138,f-35
5139,high-energy
5140,nothing
5141,efficiency
5142,acquisition
5143,lineup
5144,parts
5145,injuries
5146,outreach
5147,reaffirming
5148,succeeded
5149,quality
5150,solve
5151,innovators
5152,predictably
5153,quest
5154,offers
5155,keytruda
5156,uncertain
5157,benefits
5158,causing
5159,latter
5160,6.2
5161,blizzard
5162,per
5163,aggregate
5164,gained
5165,revolutionary
5166,anomaly
5167,gigantic
5168,misunderstandings
5169,distraction
5170,unpredictable
5171,indication
5172,juan
5173,governance
5174,whatsoever
5175,equation
5176,justin
5177,walgreens
5178,basis
5179,proudly
5180,martin
5181,dealers
5182,since
5183,rebuild
5184,distinguished
5185,asia-pacific
5186,dso
5187,observe
5188,ignoring
5189,strike
5190,booking
5191,running
5192,unfavorable
5193,irregular
5194,duties
5195,ceo
5196,take
5197,incurred
5198,follow-on
5199,conversion
5200,idhifa
5201,tempest
5202,therere
5203,gary
5204,weird
5205,initiate
5206,announced
5207,night
5208,international
5209,presence
5210,banking
5211,use
5212,producing
5213,seeing
5214,modernize
5215,examples
5216,sustainably
5217,instrumentation
5218,trusted
5219,strongly
5220,suggest
5221,statement
5222,compelling
5223,comparison
5224,deteriorated
5225,saudi
5226,impacted
5227,coast
5228,mistakes
5229,smile
5230,choke
5231,mid-single
5232,rally
5233,optical
5234,ballpark
5235,110
5236,forth
5237,ratable
5238,commissioning
5239,achieved
5240,divestitures
5241,guide
5242,yet
5243,houston
5244,rates
5245,battle
5246,taco
5247,powertrains
5248,mainstream
5249,former
5250,well
5251,logically
5252,premature
5253,enabler
5254,collaboration
5255,operator
5256,over-developed
5257,detail
5258,argument
5259,repair
5260,fios
5261,points
5262,ethic
5263,stephen
5264,executed
5265,equivalent
5266,gps
5267,severity
5268,renewed
5269,rents
5270,another
5271,coordinate
5272,ask
5273,fluke
5274,valve
5275,expanding
5276,graphically
5277,fortune
5278,ffo
5279,coal
5280,offence
5281,irs
5282,adopted
5283,successfully
5284,breakdowns
5285,typically
5286,repurchase
5287,covenant
5288,shit
5289,fix
5290,outperform
5291,prevail
5292,leaves
5293,fill
5294,particular
5295,occurred
5296,postpones
5297,figures
5298,0.7
5299,continuous
5300,margin
5301,expertise
5302,needed
5303,satellite
5304,represented
5305,luxury
5306,academic
5307,security
5308,turbines
5309,digitally
5310,competitively
5311,restructures
5312,affirm
5313,predictability
5314,extra
5315,vision
5316,chains
5317,retailers
5318,full-year
5319,month
5320,vitally
5321,speculation
5322,negotiated
5323,affordably
5324,war
5325,escalate
5326,compensate
5327,fabrication
5328,optimal
5329,journal
5330,senior
5331,drain
5332,foundry
5333,tender
5334,responded
5335,aware
5336,relevant
5337,case
5338,constrain
5339,kris
5340,generally
5341,indicative
5342,perk
5343,shortly
5344,happy
5345,exaggeration
5346,gaining
5347,standards
5348,g500
5349,replace
5350,bitter
5351,glamorous
5352,lawsuit
5353,automatically
5354,worked
5355,marks
5356,depressed
5357,stellar
5358,electronics
5359,redeem
5360,becomes
5361,intensive
5362,learn
5363,space
5364,allocated
5365,domestic
5366,trends
5367,remainder
5368,band
5369,aum
5370,wafer
5371,disproportionately
5372,tangible
5373,relevantly
5374,reset
5375,jet
5376,hate
5377,accessible
5378,occupancy
5379,late-stage
5380,turnover
5381,apply
5382,competitor
5383,renaissance
5384,disruptions
5385,portfolio
5386,unequivocally
5387,fundamentals
5388,pacing
5389,speed
5390,link
5391,packaged
5392,stand
5393,mostly
5394,focused
5395,theme
5396,uses
5397,choose
5398,marginally
5399,exaggerated
5400,revealing
5401,deepest
5402,crisis
5403,indicator
5404,expecting
5405,exposing
5406,sleek
5407,valid
5408,variation
5409,demonstrates
5410,predicted
5411,counts
5412,city
5413,maria
5414,approximates
5415,novaseq
5416,members
5417,destructive
5418,cautiously
5419,contingent
5420,frustrating
5421,building
5422,consumable
5423,adobe
5424,arthritis
5425,ron
5426,depends
5427,reform
5428,intent
5429,bad
5430,coatings
5431,names
5432,rabid
5433,essentially
5434,high-profile
5435,interfere
5436,dynamically
5437,3.8
5438,resulted
5439,announce
5440,epyc
5441,swiftly
5442,tailwind
5443,concerned
5444,greatly
5445,intrusive
5446,cereal
5447,followed
5448,wear
5449,double-digit
5450,encourages
5451,2.25
5452,must
5453,mills
5454,weyerhaeuser
5455,depression
5456,gloom
5457,adeptly
5458,depresses
5459,internal
5460,expectation
5461,authentic
5462,diesel
5463,consumers
5464,participated
5465,found
5466,allocating
5467,epidemic
5468,stakeholders
5469,answering
5470,ranging
5471,"1,000"
5472,flavored
5473,bob
5474,unified
5475,bulk
5476,spite
5477,slot
5478,6.4
5479,breakage
5480,receptive
5481,interest
5482,introduce
5483,required
5484,via
5485,booster
5486,benefitted
5487,considerable
5488,community
5489,ddg
5490,unsuitable
5491,foster
5492,1.5
5493,variant
5494,pre-owned
5495,rose
5496,remember
5497,slightly
5498,purposeful
5499,invigorate
5500,events
5501,same-facility
5502,circumvent
5503,2023
5504,warmth
5505,0.08
5506,scenario
5507,omitting
5508,tells
5509,shown
5510,electrification
5511,top
5512,deviations
5513,ratings
5514,stable
5515,underperforming
5516,wearables
5517,standardized
5518,vendor
5519,recommendations
5520,bundles
5521,enjoyed
5522,geographies
5523,sustain
5524,corruption
5525,reliably
5526,well-behaved
5527,4.1
5528,broadly
5529,contribution
5530,dollars
5531,aggregation
5532,roll
5533,well-being
5534,thailand
5535,durable
5536,slowed
5537,valves
5538,subside
5539,uncomfortable
5540,portfolios
5541,volatility
5542,intricate
5543,blood
5544,competent
5545,promising
5546,facilities
5547,suspect
5548,sweet
5549,scanner
5550,degradation
5551,suisse
5552,compliments
5553,diagnostic
5554,light
5555,winner
5556,agreed
5557,transitions
5558,adopt
5559,adding
5560,renovation
5561,stopped
5562,floor
5563,airmini
5564,phenomenally
5565,extraordinarily
5566,0.8
5567,17.5
5568,bread
5569,contractors
5570,hardware
5571,gourmet
5572,watching
5573,turmoil
5574,pharmaceutical
5575,quantas
5576,stubhub
5577,8.5
5578,all-star
5579,claris
5580,critical
5581,institutional
5582,succeeding
5583,emerging
5584,virtuous
5585,clearing
5586,incorporated
5587,outside
5588,cabinet
5589,proceeding
5590,deck
5591,social
5592,penalties
5593,industry
5594,gritty
5595,gulfstream
5596,mro
5597,jan
5598,brilliantly
5599,grand
5600,four-way
5601,magic
5602,proposal
5603,operationally
5604,focus
5605,decisive
5606,vagaries
5607,leave
5608,school
5609,wildly
5610,eric
5611,prime
5612,hybrid
5613,cut
5614,pbm
5615,teen
5616,presidents
5617,earmarked
5618,overseas
5619,225
5620,incrementals
5621,sustainable
5622,order
5623,set
5624,happens
5625,request
5626,nike
5627,technologies
5628,georgia
5629,example
5630,americas
5631,masterpass
5632,chart
5633,delivery
5634,mediator
5635,phone
5636,careful
5637,implementation
5638,inhibitor
5639,antibody
5640,5.5
5641,remedy
5642,spot
5643,gradual
5644,partial
5645,factors
5646,reached
5647,suspensions
5648,believe
5649,adoption
5650,facing
5651,closures
5652,updates
5653,digits
5654,amicable
5655,common
5656,globe
5657,extraordinary
5658,sacrifice
5659,gift
5660,holistic
5661,steal
5662,exceptionally
5663,factory
5664,insightful
5665,mystic
5666,approaches
5667,surprising
5668,aggressively
5669,ways
5670,rolled
5671,strictly
5672,fallacy
5673,unexpectedly
5674,fast-growing
5675,weaker
5676,distort
5677,key
5678,humana
5679,made
5680,sure
5681,distributor
5682,capex
5683,cameron
5684,whereas
5685,mission
5686,maus
5687,conclusion
5688,alterations
5689,vast
5690,downward
5691,regained
5692,promptly
5693,briefly
5694,stops
5695,pass
5696,bill
5697,depleting
5698,anticipate
5699,stagnant
5700,health
5701,broadening
5702,second
5703,adept
5704,harmful
5705,leveraging
5706,diversified
5707,2.6
5708,adequate
5709,impacting
5710,disappearance
5711,terminating
5712,classical
5713,repairs
5714,patterns
5715,anyway
5716,lauren
5717,sloppy
5718,position
5719,fluid
5720,understate
5721,story
5722,comparability
5723,integrity
5724,likely
5725,emeia
5726,regulated
5727,kevin
5728,completely
5729,laid
5730,iowa
5731,months
5732,heavy-duty
5733,assist
5734,contractor
5735,f20
5736,clarify
5737,property
5738,faster
5739,legislators
5740,fda
5741,standpoint
5742,portions
5743,department
5744,purchasing
5745,downmarket
5746,second-half
5747,chose
5748,many
5749,refinery
5750,counterfeiting
5751,warning
5752,topics
5753,regulator
5754,cynosure
5755,wonderfully
5756,futures
5757,meals
5758,floating
5759,enhancement
5760,growing
5761,goal
5762,wherever
5763,firms
5764,franchisees
5765,burn
5766,suppliers
5767,extensively
5768,install
5769,even
5770,transfer
5771,netapp
5772,marketplaces
5773,hired
5774,add
5775,slowness
5776,frequent
5777,remand
5778,creates
5779,drug
5780,restrictive
5781,rewarding
5782,sam
5783,catalyst
5784,aligned
5785,part
5786,renewable
5787,inspire
5788,hasbro
5789,timeline
5790,affects
5791,sensitive
5792,rig
5793,3.7
5794,bolstered
5795,production
5796,etfs
5797,segments
5798,lethargic
5799,run
5800,fraud
5801,robust
5802,actions
5803,way
5804,fondly
5805,appearing
5806,stubbornly
5807,risky
5808,limitations
5809,switching
5810,0.3
5811,literate
5812,stuart
5813,instability
5814,modern
5815,cooperation
5816,return
5817,passion
5818,scrutiny
5819,res
5820,collected
5821,shops
5822,accomplish
5823,jump
5824,unintended
5825,exhaust
5826,regions
5827,exorbitant
5828,0.60
5829,deficiency
5830,dta
5831,wait
5832,tepid
5833,gfs
5834,insights
5835,100
5836,bare
5837,generated
5838,scared
5839,selected
5840,considered
5841,premium
5842,900
5843,shortage
5844,carried
5845,fragmented
5846,tort
5847,miso
5848,electrified
5849,exploited
5850,750
5851,rights
5852,robotics
5853,germany
5854,cardiovascular
5855,subsequent
5856,obsolescence
5857,gray
5858,symptoms
5859,acceptable
5860,progress
5861,confining
5862,furthermore
5863,cpap
5864,difficulty
5865,gene
5866,iot
5867,flow
5868,flex
5869,unencumbered
5870,rehash
5871,king
5872,torn
5873,bundle
5874,carefully
5875,persistently
5876,genius
5877,faced
5878,decreasing
5879,relations
5880,affo
5881,field
5882,u.k
5883,randomized
5884,suggested
5885,inhibition
5886,adjusting
5887,platform
5888,devil
5889,indefinite
5890,non-recurring
5891,artificial
5892,deeply
5893,closer
5894,edge
5895,manager
5896,digital
5897,afternoon
5898,designs
5899,msw
5900,cell
5901,licenses
5902,destiny
5903,alarm
5904,exclusion
5905,estate
5906,quarter-end
5907,possible
5908,assured
5909,0.06
5910,struggle
5911,claim
5912,impella
5913,dupilumab
5914,margins
5915,prop
5916,assortment
5917,brand-new
5918,study
5919,impatient
5920,stabilizations
5921,yum
5922,ticket
5923,minute
5924,downsizing
5925,share-based
5926,based
5927,crack
5928,king-size
5929,remodel
5930,corning
5931,fulfillment
5932,discriminate
5933,mass-market
5934,triple
5935,place
5936,employees
5937,inclusive
5938,research
5939,collapsed
5940,aws
5941,bash
5942,prohibited
5943,games
5944,wanted
5945,bore
5946,improves
5947,zepatier
5948,beloved
5949,densification
5950,ramp
5951,nasal
5952,zones
5953,supercharge
5954,rapid
5955,explain
5956,instead
5957,label
5958,central
5959,manipulation
5960,proved
5961,3.6
5962,saw
5963,pressure
5964,undecided
5965,collaborate
5966,tom
5967,oddity
5968,340
5969,speeds
5970,organically
5971,putting
5972,speculating
5973,nodes
5974,unrest
5975,stubborn
5976,inhibits
5977,entertainment
5978,6.9
5979,shortfall
5980,lgm
5981,refrigerated
5982,bonus
5983,start-up
5984,preparing
5985,exquisite
5986,stanley
5987,pulling
5988,fortunate
5989,adapt
5990,standalone
5991,location
5992,engaged
5993,champion
5994,beautifully
5995,default
5996,farms
5997,rebates
5998,scheme
5999,well-received
6000,court
6001,applaud
6002,buddy
6003,aforementioned
6004,reviewing
6005,deliver
6006,consolidate
6007,2.2
6008,lead
6009,imbalances
6010,kingdom
6011,quarter-by-quarter
6012,conclude
6013,remained
6014,magically
6015,optimism
6016,foreseeable
6017,built
6018,trouble
6019,naturally
6020,fewest
6021,violated
6022,negotiate
6023,parks
6024,goods
6025,basic
6026,years
6027,eventful
6028,fair
6029,training
6030,reinsurance
6031,beverage
6032,days
6033,revised
6034,standard
6035,regaining
6036,mold
6037,liquid
6038,anticipates
6039,terrible
6040,convinced
6041,mass
6042,water
6043,best-selling
6044,gaap
6045,milestone
6046,unfulfilled
6047,tony
6048,bottlenecks
6049,lowered
6050,able
6051,marty
6052,returned
6053,distinction
6054,loans
6055,adventure
6056,unsold
6057,quantify
6058,june
6059,presuming
6060,opinion
6061,speak
6062,push
6063,deviates
6064,royalties
6065,stake
6066,pleasant
6067,told
6068,iii
6069,shelter
6070,deploying
6071,protracted
6072,hess
6073,quantities
6074,supportive
6075,fusion
6076,quaker
6077,correcting
6078,yields
6079,bucket
6080,allocate
6081,hospitals
6082,lockheed
6083,patient
6084,prudent
6085,australian
6086,ago
6087,rooms
6088,diligently
6089,accurately
6090,sporadic
6091,forget
6092,doubling
6093,garmin
6094,changes
6095,frustrate
6096,office
6097,monitor
6098,elevate
6099,split
6100,0.20
6101,moot
6102,planned
6103,nonresidential
6104,application
6105,cvs
6106,charges
6107,400
6108,define
6109,modular
6110,checks
6111,2.7
6112,aggravated
6113,pivoting
6114,levels
6115,popular
6116,answered
6117,metrics
6118,moving
6119,public
6120,regimen
6121,manufacturers
6122,basin
6123,enter
6124,project
6125,plod
6126,transplant
6127,suspended
6128,oriented
6129,map
6130,investment
6131,trillion
6132,practical
6133,showed
6134,kathryn
6135,painless
6136,unlimited
6137,mandate
6138,lows
6139,slides
6140,regional
6141,discussions
6142,sectors
6143,enrichment
6144,prescription
6145,attribute
6146,0.6
6147,correct
6148,tire
6149,lapse
6150,offsetting
6151,flexible
6152,sage
6153,sizable
6154,basins
6155,necessary
6156,prospects
6157,diagnostics
6158,truck
6159,progression
6160,teams
6161,exclusivity
6162,economics
6163,ali
6164,underscore
6165,disarray
6166,clear
6167,wet
6168,creativity
6169,launched
6170,environment
6171,database
6172,cumulative
6173,glad
6174,ryan
6175,google
6176,closes
6177,sustainability
6178,model
6179,bolt
6180,acquire
6181,navy
6182,severe
6183,expose
6184,affected
6185,inflationary
6186,shareholders
6187,trying
6188,cloud
6189,value-added
6190,demand
6191,viewing
6192,satisfy
6193,agents
6194,prowess
6195,pit
6196,exclude
6197,supporting
6198,outbreak
6199,defend
6200,geopolitical
6201,sale
6202,along
6203,nine
6204,exists
6205,enough
6206,general
6207,john
6208,infringed
6209,rigorous
6210,articulated
6211,bought
6212,plush
6213,workloads
6214,quickbooks
6215,115
6216,radeon
6217,candor
6218,hundreds
6219,lose
6220,forecasts
6221,enacted
6222,pretax
6223,remarkably
6224,firmly
6225,optimum
6226,frigid
6227,cruise
6228,picking
6229,intensely
6230,inflection
6231,assure
6232,testament
6233,poised
6234,erp
6235,coupled
6236,9.5
6237,surgical
6238,worried
6239,north
6240,better
6241,relieve
6242,permanent
6243,retention
6244,modeled
6245,smartly
6246,right
6247,stuff
6248,crushing
6249,appeals
6250,campus
6251,rolls
6252,operates
6253,mens
6254,bandwidth
6255,forgive
6256,quarter-over-quarter
6257,distributions
6258,core
6259,paul
6260,pivot
6261,transaction
6262,hedges
6263,american
6264,catastrophic
6265,audiences
6266,never
6267,straightforward
6268,analog
6269,interrupted
6270,lot
6271,processed
6272,imperative
6273,revlimid
6274,trash
6275,ppl
6276,assumption
6277,overloading
6278,top-end
6279,concentration
6280,depress
6281,flexibility
6282,polished
6283,honesty
6284,launches
6285,non-residential
6286,merchandising
6287,sell-out
6288,rigidity
6289,terrifically
6290,supplemental
6291,territory
6292,hurt
6293,saying
6294,previous
6295,host
6296,hype
6297,stopping
6298,strains
6299,options
6300,attraction
6301,employers
6302,aortic
6303,blue
6304,parent
6305,totaling
6306,amendments
6307,seasonally
6308,salvage
6309,atlanta
6310,tax
6311,original
6312,accessories
6313,advancement
6314,encouraging
6315,2019
6316,advertising
6317,agility
6318,interrupt
6319,rebounded
6320,sympathy
6321,driven
6322,insignificant
6323,inappropriate
6324,meanwhile
6325,submission
6326,turbulent
6327,representative
6328,resolve
6329,activities
6330,brilliance
6331,yield
6332,nearly
6333,ranked
6334,considerations
6335,notice
6336,hello
6337,footwear
6338,seamlessly
6339,practically
6340,superb
6341,landing
6342,offering
6343,suggesting
6344,1.1
6345,left
6346,overcoming
6347,football
6348,collaborative
6349,administration
6350,united
6351,real
6352,buyer
6353,black
6354,bearing
6355,referenced
6356,disproportion
6357,falling
6358,thrill
6359,surveillance
6360,monitoring
6361,winning
6362,touching
6363,dry
6364,pharma
6365,reeses
6366,positively
6367,disrupt
6368,clinique
6369,3.4
6370,impulsive
6371,criteria
6372,footprint
6373,reverse
6374,fastest
6375,showing
6376,remind
6377,biggest
6378,whole
6379,understood
6380,happily
6381,initiating
6382,insufficient
6383,unsurpassed
6384,compelled
6385,strengthening
6386,continues
6387,c2c
6388,simply
6389,inspection
6390,declined
6391,breaches
6392,politically
6393,"300,000"
6394,auction
6395,embrace
6396,jakafi
6397,gas
6398,sfc
6399,penalized
6400,commend
6401,truth
6402,aspect
6403,escalating
6404,decision-making
6405,principally
6406,harmony
6407,clash
6408,clarity
6409,empowering
6410,imaging
6411,platinum
6412,ease
6413,occurring
6414,filling
6415,alpine
6416,attaining
6417,subsidiary
6418,enthusiasm
6419,boots
6420,doors
6421,queue
6422,multi-family
6423,rio
6424,lapping
6425,converted
6426,published
6427,credibility
6428,celebrate
6429,preliminarily
6430,breathtaking
6431,movements
6432,assuming
6433,pick
6434,crush
6435,vocalink
6436,renewal
6437,statutory
6438,equivalents
6439,airplane
6440,accounts
6441,address
6442,extensions
6443,integration
6444,prideful
6445,operating
6446,relax
6447,extension
6448,referred
6449,permian
6450,successes
6451,calculate
6452,derivatives
6453,language
6454,attendance
6455,immune
6456,frame
6457,deep
6458,exposed
6459,adults
6460,modernization
6461,reference
6462,gratitude
6463,heard
6464,probabilities
6465,swing
6466,spectacular
6467,highlighting
6468,used
6469,much
6470,pursuing
6471,situations
6472,computing
6473,experiencing
6474,6.5
6475,periods
6476,trial
6477,litigators
6478,inevitable
6479,10.5
6480,sustainment
6481,despicable
6482,fitting
6483,rationalize
6484,primary
6485,cms
6486,snacking
6487,enabled
6488,stick
6489,european
6490,analysis
6491,pleasure
6492,chemical
6493,locally
6494,increasing
6495,finest
6496,keenly
6497,dense
6498,uncovered
6499,one-third
6500,nights
6501,fired
6502,learnings
6503,abusive
6504,misses
6505,attention
6506,goals
6507,asco
6508,recall
6509,healthcare
6510,2021
6511,productive
6512,first-half
6513,demonstrating
6514,foundational
6515,looking
6516,gives
6517,tighter
6518,geographically
6519,cautiousness
6520,kids
6521,chicago
6522,facebook
6523,incidences
6524,speculative
6525,wild
6526,sentiment
6527,entire
6528,commented
6529,sound
6530,trading
6531,high
6532,difficult
6533,disrupted
6534,anymore
6535,adjacent
6536,two
6537,exterior
6538,wickedly
6539,tissue
6540,incentives
6541,convention
6542,allowing
6543,new
6544,document
6545,atc
6546,gardasil
6547,collision
6548,decently
6549,baffle
6550,dramatic
6551,discontinuation
6552,soft
6553,protective
6554,leader
6555,intense
6556,reliability
6557,swell
6558,weakest
6559,phases
6560,overtime
6561,virtualization
6562,unreasonable
6563,lightower
6564,expense
6565,"10,000"
6566,moves
6567,serious
6568,credible
6569,loses
6570,capable
6571,characterize
6572,produce
6573,mer
6574,dsd
6575,minimally
6576,static
6577,essential
6578,arbitrary
6579,inconsistency
6580,always
6581,connect
6582,cogs
6583,220
6584,buckets
6585,places
6586,storage
6587,minutes
6588,perspective
6589,enjoy
6590,chuck
6591,executive
6592,cautious
6593,flat
6594,skus
6595,discontinue
6596,dump
6597,everything
6598,live
6599,moderation
6600,lasting
6601,rise
6602,affluent
6603,patriot
6604,multitude
6605,speaker
6606,beyond
6607,cement
6608,convert
6609,wrongful
6610,massive
6611,asps
6612,taken
6613,port
6614,upset
6615,pentair
6616,vice
6617,variance
6618,seizing
6619,sec
6620,special
6621,lawsuits
6622,resignation
6623,mid-continent
6624,transactional
6625,lags
6626,flowing
6627,august
6628,fastest-growing
6629,simplified
6630,electronically
6631,allows
6632,eloquence
6633,super
6634,redundant
6635,curve
6636,classes
6637,good
6638,pause
6639,mail
6640,knows
6641,mastercard
6642,wooden
6643,disconnect
6644,filing
6645,mining
6646,thanks
6647,overhead
6648,dedicate
6649,partially
6650,traction
6651,unfair
6652,populations
6653,unimportant
6654,abnormal
6655,merchants
6656,operation
6657,best
6658,evaluating
6659,rolling
6660,talk
6661,trim
6662,assumed
6663,intake
6664,complexity
6665,apt
6666,merit
6667,retire
6668,bookings
6669,underestimated
6670,kept
6671,extreme
6672,reason
6673,grows
6674,5.4
6675,prosperity
6676,shifted
6677,taxes
6678,10-year
6679,milestones
6680,supplier
6681,0.03
6682,270
6683,invested
6684,buzz
6685,web
6686,prohibits
6687,minority
6688,protect
6689,disaster
6690,overbuilding
6691,context
6692,pulled
6693,hut
6694,well-informed
6695,crude
6696,negligible
6697,question
6698,januvia
6699,womens
6700,possibly
6701,campbell
6702,rough
6703,pan
6704,avoidance
6705,enhancements
6706,thereafter
6707,displays
6708,rule
6709,jam
6710,grid
6711,undefined
6712,serves
6713,collaborators
6714,migrate
6715,phil
6716,tricky
6717,controversy
6718,recession
6719,analytical
6720,liquidation
6721,non-operating
6722,ruling
6723,soundness
6724,multi
6725,marketable
6726,fifth
6727,classically
6728,disclosure
6729,doubled
6730,fleet
6731,carry
6732,novel
6733,view
6734,foot
6735,doug
6736,double
6737,admire
6738,labs
6739,units
6740,consensus
6741,lackluster
6742,mid-atlantic
6743,slaughter
6744,handily
6745,traditional
6746,timely
6747,scale
6748,congress
6749,tension
6750,decorative
6751,weakened
6752,policies
6753,franchisee
6754,expert
6755,adult
6756,barrel
6757,105
6758,similarly
6759,confronting
6760,program
6761,alleges
6762,worries
6763,exits
6764,looked
6765,depending
6766,prepared
6767,solutions
6768,"50,000"
6769,stress
6770,absence
6771,recommendation
6772,lower-cost
6773,guiding
6774,population
6775,jurisdiction
6776,loss
6777,gratification
6778,spoke
6779,serve
6780,communication
6781,adversely
6782,limits
6783,zero
6784,exciting
6785,indifferent
6786,array
6787,pleased
6788,disproportionate
6789,culture
6790,nktr-214
6791,kurt
6792,liberally
6793,1.3
6794,punishes
6795,max
6796,speaking
6797,gradually
6798,modernizing
6799,datacenter
6800,intriguing
6801,allowed
6802,regal
6803,oversupply
6804,review
6805,hoard
6806,seized
6807,precision
6808,experiences
6809,depreciation
6810,disappears
6811,tracking
6812,targeted
6813,implications
6814,amortization
6815,awesome
6816,collusion
6817,heat
6818,evasive
6819,wisely
6820,defective
6821,shutdowns
6822,touched
6823,ultra-compact
6824,didier
6825,delights
6826,novo
6827,lever
6828,innovate
6829,global
6830,wireline
6831,earnings
6832,tremendously
6833,pancreatic
6834,feels
6835,intentional
6836,velocity
6837,apart
6838,uninsured
6839,securely
6840,trough
6841,appreciative
6842,advances
6843,suddenly
6844,state-of-the-art
6845,rationalization
6846,overcapacity
6847,lumpiness
6848,catastrophe
6849,goodwill
6850,campaigns
6851,rhiag
6852,erosion
6853,downturn
6854,lumpy
6855,5.2
6856,2.0
6857,decisions
6858,fbs
6859,impaired
6860,c-fresh
6861,agile
6862,restraining
6863,indulgent
6864,stands
6865,rival
6866,corresponding
6867,element
6868,reassessed
6869,vaccine
6870,assembly
6871,deplete
6872,ten
6873,delivered
6874,bluegrass
